defect_id,product_id,defect_type,defect_date,defect_location,severity,inspection_method,repair_cost,year,month,weekday
1,15,Structural,2024-06-06,Component,Minor,Visual Inspection,245.47,2024,6,6
2,6,Functional,2024-04-26,Component,Minor,Visual Inspection,26.87,2024,4,26
3,84,Structural,2024-02-15,Internal,Minor,Automated Testing,835.81,2024,2,15
4,10,Functional,2024-03-28,Internal,Critical,Automated Testing,444.47,2024,3,28
5,14,Cosmetic,2024-04-26,Component,Minor,Manual Testing,823.64,2024,4,26
6,17,Functional,2024-05-11,Internal,Moderate,Visual Inspection,788.11,2024,5,11
7,85,Cosmetic,2024-05-23,Internal,Critical,Manual Testing,33.68,2024,5,23
8,90,Structural,2024-01-15,Internal,Moderate,Manual Testing,65.56,2024,1,15
9,30,Structural,2024-01-26,Component,Critical,Manual Testing,848.61,2024,1,26
10,20,Structural,2024-06-05,Component,Critical,Visual Inspection,478.48,2024,6,5
11,45,Structural,2024-04-28,Surface,Moderate,Automated Testing,217.96,2024,4,28
12,86,Structural,2024-02-25,Component,Minor,Manual Testing,485.02,2024,2,25
13,87,Cosmetic,2024-06-20,Component,Minor,Visual Inspection,714.63,2024,6,20
14,72,Cosmetic,2024-05-08,Surface,Critical,Manual Testing,603.94,2024,5,8
15,74,Cosmetic,2024-05-03,Component,Critical,Manual Testing,189.55,2024,5,3
16,10,Functional,2024-01-20,Component,Minor,Automated Testing,458.79,2024,1,20
17,53,Structural,2024-05-14,Internal,Minor,Visual Inspection,509.35,2024,5,14
18,63,Cosmetic,2024-05-21,Component,Critical,Visual Inspection,538.99,2024,5,21
19,28,Functional,2024-02-15,Internal,Critical,Manual Testing,34.93,2024,2,15
20,81,Structural,2024-05-25,Internal,Moderate,Manual Testing,557.11,2024,5,25
21,67,Functional,2024-05-03,Surface,Minor,Visual Inspection,831.43,2024,5,3
22,6,Structural,2024-03-06,Surface,Minor,Visual Inspection,504.9,2024,3,6
23,33,Structural,2024-05-06,Surface,Moderate,Automated Testing,349.23,2024,5,6
24,15,Structural,2024-02-23,Component,Critical,Visual Inspection,560.39,2024,2,23
25,13,Cosmetic,2024-02-19,Surface,Moderate,Manual Testing,629.71,2024,2,19
26,39,Structural,2024-06-15,Component,Moderate,Visual Inspection,975.44,2024,6,15
27,60,Cosmetic,2024-05-08,Component,Moderate,Manual Testing,737.54,2024,5,8
28,42,Structural,2024-01-02,Component,Critical,Manual Testing,592.87,2024,1,2
29,3,Structural,2024-01-13,Component,Moderate,Automated Testing,99.82,2024,1,13
30,17,Functional,2024-01-22,Surface,Critical,Visual Inspection,106.34,2024,1,22
31,30,Structural,2024-04-30,Surface,Critical,Automated Testing,352.58,2024,4,30
32,25,Structural,2024-03-29,Surface,Moderate,Visual Inspection,734.12,2024,3,29
33,14,Cosmetic,2024-05-15,Internal,Minor,Visual Inspection,953.54,2024,5,15
34,58,Structural,2024-06-19,Surface,Critical,Manual Testing,753.89,2024,6,19
35,48,Functional,2024-04-04,Component,Critical,Automated Testing,955.91,2024,4,4
36,20,Structural,2024-06-04,Surface,Critical,Automated Testing,776.91,2024,6,4
37,68,Cosmetic,2024-01-20,Internal,Critical,Manual Testing,607.96,2024,1,20
38,51,Functional,2024-06-08,Internal,Moderate,Automated Testing,107.7,2024,6,8
39,12,Functional,2024-06-25,Internal,Critical,Manual Testing,27.24,2024,6,25
40,92,Cosmetic,2024-01-06,Surface,Critical,Visual Inspection,370.83,2024,1,6
41,63,Functional,2024-03-11,Component,Minor,Manual Testing,526.08,2024,3,11
42,49,Functional,2024-05-18,Surface,Critical,Automated Testing,144.38,2024,5,18
43,72,Cosmetic,2024-03-23,Surface,Moderate,Visual Inspection,534.33,2024,3,23
44,24,Structural,2024-05-18,Surface,Minor,Visual Inspection,456.8,2024,5,18
45,64,Functional,2024-05-27,Surface,Minor,Automated Testing,215.01,2024,5,27
46,36,Structural,2024-04-24,Surface,Moderate,Manual Testing,824.3,2024,4,24
47,79,Structural,2024-02-14,Component,Critical,Manual Testing,769.28,2024,2,14
48,36,Structural,2024-01-03,Component,Moderate,Manual Testing,160.25,2024,1,3
49,65,Functional,2024-02-24,Component,Minor,Automated Testing,386.17,2024,2,24
50,9,Functional,2024-01-06,Component,Moderate,Manual Testing,572.08,2024,1,6
51,10,Structural,2024-06-26,Internal,Minor,Visual Inspection,433.85,2024,6,26
52,7,Structural,2024-05-19,Surface,Minor,Manual Testing,338.1,2024,5,19
53,81,Functional,2024-01-03,Surface,Critical,Automated Testing,93.13,2024,1,3
54,62,Cosmetic,2024-05-14,Component,Moderate,Visual Inspection,308.37,2024,5,14
55,29,Structural,2024-03-23,Internal,Critical,Automated Testing,396.58,2024,3,23
56,73,Structural,2024-01-19,Surface,Minor,Automated Testing,957.6,2024,1,19
57,86,Structural,2024-03-06,Internal,Moderate,Automated Testing,205.19,2024,3,6
58,5,Cosmetic,2024-05-25,Component,Critical,Manual Testing,300.27,2024,5,25
59,79,Structural,2024-03-10,Internal,Critical,Automated Testing,671.22,2024,3,10
60,87,Functional,2024-02-18,Surface,Minor,Visual Inspection,395.1,2024,2,18
61,60,Structural,2024-06-11,Component,Critical,Visual Inspection,675.89,2024,6,11
62,43,Cosmetic,2024-03-08,Component,Moderate,Visual Inspection,523.02,2024,3,8
63,52,Structural,2024-01-02,Surface,Critical,Manual Testing,337.5,2024,1,2
64,2,Cosmetic,2024-01-11,Surface,Minor,Automated Testing,830.89,2024,1,11
65,22,Functional,2024-04-16,Component,Critical,Visual Inspection,84.97,2024,4,16
66,31,Functional,2024-05-24,Internal,Minor,Visual Inspection,771.96,2024,5,24
67,87,Functional,2024-03-15,Internal,Minor,Automated Testing,46.43,2024,3,15
68,11,Cosmetic,2024-04-16,Internal,Minor,Automated Testing,31.91,2024,4,16
69,33,Cosmetic,2024-05-19,Component,Moderate,Automated Testing,845.8,2024,5,19
70,17,Functional,2024-02-19,Component,Minor,Manual Testing,729.55,2024,2,19
71,71,Cosmetic,2024-03-05,Surface,Moderate,Automated Testing,187.03,2024,3,5
72,35,Structural,2024-06-29,Component,Moderate,Automated Testing,470.35,2024,6,29
73,15,Functional,2024-05-20,Internal,Minor,Visual Inspection,662.35,2024,5,20
74,43,Functional,2024-04-04,Component,Critical,Visual Inspection,509.97,2024,4,4
75,2,Functional,2024-01-03,Component,Critical,Manual Testing,352.33,2024,1,3
76,36,Functional,2024-03-27,Surface,Minor,Manual Testing,228.22,2024,3,27
77,64,Functional,2024-02-06,Component,Critical,Manual Testing,632.45,2024,2,6
78,28,Functional,2024-06-20,Component,Critical,Automated Testing,975.87,2024,6,20
79,69,Structural,2024-03-23,Internal,Moderate,Visual Inspection,967.14,2024,3,23
80,75,Structural,2024-01-11,Surface,Moderate,Automated Testing,992.69,2024,1,11
81,69,Functional,2024-03-14,Surface,Minor,Manual Testing,827.74,2024,3,14
82,74,Structural,2024-04-02,Component,Critical,Automated Testing,270.97,2024,4,2
83,69,Structural,2024-04-11,Surface,Critical,Visual Inspection,712.98,2024,4,11
84,11,Structural,2024-06-24,Component,Critical,Manual Testing,556.05,2024,6,24
85,92,Structural,2024-04-27,Component,Minor,Manual Testing,200.11,2024,4,27
86,70,Structural,2024-01-14,Component,Moderate,Automated Testing,660.05,2024,1,14
87,22,Structural,2024-01-21,Component,Moderate,Manual Testing,220.96,2024,1,21
88,9,Functional,2024-02-09,Component,Critical,Visual Inspection,776.54,2024,2,9
89,6,Functional,2024-05-01,Surface,Moderate,Visual Inspection,920.26,2024,5,1
90,58,Structural,2024-02-17,Internal,Moderate,Visual Inspection,492.22,2024,2,17
91,98,Cosmetic,2024-03-07,Surface,Critical,Manual Testing,513.45,2024,3,7
92,93,Functional,2024-06-30,Component,Moderate,Automated Testing,286.28,2024,6,30
93,10,Functional,2024-04-01,Surface,Minor,Automated Testing,698.89,2024,4,1
94,72,Cosmetic,2024-02-02,Internal,Critical,Visual Inspection,555.25,2024,2,2
95,36,Cosmetic,2024-05-16,Component,Moderate,Manual Testing,465.92,2024,5,16
96,11,Structural,2024-03-08,Component,Critical,Manual Testing,732.13,2024,3,8
97,56,Structural,2024-03-15,Component,Moderate,Automated Testing,582.46,2024,3,15
98,67,Cosmetic,2024-03-10,Component,Moderate,Visual Inspection,647.7,2024,3,10
99,67,Structural,2024-04-08,Component,Critical,Visual Inspection,536.57,2024,4,8
100,8,Functional,2024-04-24,Surface,Minor,Visual Inspection,673.85,2024,4,24
101,27,Structural,2024-01-25,Internal,Minor,Manual Testing,871.1,2024,1,25
102,79,Structural,2024-06-25,Internal,Critical,Visual Inspection,973.66,2024,6,25
103,87,Functional,2024-05-31,Internal,Critical,Visual Inspection,787.42,2024,5,31
104,1,Structural,2024-06-25,Surface,Minor,Manual Testing,338.48,2024,6,25
105,49,Structural,2024-04-30,Component,Critical,Visual Inspection,922.07,2024,4,30
106,9,Functional,2024-05-14,Surface,Moderate,Manual Testing,137.41,2024,5,14
107,63,Structural,2024-06-28,Surface,Critical,Automated Testing,17.89,2024,6,28
108,97,Cosmetic,2024-01-26,Surface,Moderate,Manual Testing,210.3,2024,1,26
109,1,Cosmetic,2024-02-22,Component,Critical,Automated Testing,978.5,2024,2,22
110,44,Functional,2024-03-05,Surface,Minor,Visual Inspection,381.15,2024,3,5
111,27,Structural,2024-05-06,Component,Moderate,Manual Testing,302.42,2024,5,6
112,9,Cosmetic,2024-01-12,Component,Minor,Automated Testing,813.46,2024,1,12
113,67,Cosmetic,2024-04-08,Surface,Minor,Automated Testing,998.27,2024,4,8
114,83,Functional,2024-01-25,Component,Critical,Manual Testing,498.47,2024,1,25
115,66,Functional,2024-04-30,Internal,Moderate,Visual Inspection,362.23,2024,4,30
116,36,Cosmetic,2024-01-09,Internal,Critical,Visual Inspection,194.79,2024,1,9
117,64,Cosmetic,2024-01-11,Surface,Moderate,Visual Inspection,677.65,2024,1,11
118,66,Structural,2024-04-10,Surface,Critical,Manual Testing,310.8,2024,4,10
119,99,Structural,2024-03-05,Surface,Minor,Visual Inspection,717.21,2024,3,5
120,80,Functional,2024-03-08,Component,Critical,Manual Testing,641.58,2024,3,8
121,86,Structural,2024-06-09,Internal,Minor,Manual Testing,520.84,2024,6,9
122,51,Structural,2024-04-16,Surface,Critical,Manual Testing,271.18,2024,4,16
123,79,Cosmetic,2024-02-04,Internal,Minor,Manual Testing,657.81,2024,2,4
124,100,Functional,2024-03-27,Internal,Moderate,Manual Testing,620.66,2024,3,27
125,86,Cosmetic,2024-03-10,Surface,Critical,Visual Inspection,533.03,2024,3,10
126,29,Structural,2024-02-01,Surface,Minor,Visual Inspection,21.77,2024,2,1
127,68,Cosmetic,2024-05-19,Surface,Minor,Manual Testing,302.22,2024,5,19
128,92,Cosmetic,2024-03-02,Internal,Moderate,Automated Testing,895.38,2024,3,2
129,14,Cosmetic,2024-06-20,Surface,Critical,Visual Inspection,241.61,2024,6,20
130,72,Cosmetic,2024-04-06,Internal,Critical,Automated Testing,878.46,2024,4,6
131,61,Functional,2024-05-15,Internal,Critical,Visual Inspection,268.08,2024,5,15
132,63,Structural,2024-04-23,Surface,Critical,Visual Inspection,492.32,2024,4,23
133,86,Structural,2024-03-20,Surface,Moderate,Manual Testing,379.78,2024,3,20
134,98,Cosmetic,2024-02-03,Surface,Moderate,Visual Inspection,498.71,2024,2,3
135,61,Cosmetic,2024-02-15,Internal,Moderate,Automated Testing,379.01,2024,2,15
136,67,Functional,2024-02-21,Internal,Minor,Automated Testing,79.52,2024,2,21
137,2,Functional,2024-04-19,Internal,Critical,Automated Testing,602.25,2024,4,19
138,11,Structural,2024-03-05,Component,Critical,Automated Testing,575.71,2024,3,5
139,58,Cosmetic,2024-06-24,Surface,Critical,Visual Inspection,760.33,2024,6,24
140,68,Functional,2024-04-04,Internal,Critical,Manual Testing,955.54,2024,4,4
141,28,Cosmetic,2024-01-06,Internal,Minor,Visual Inspection,679.88,2024,1,6
142,63,Structural,2024-03-25,Internal,Critical,Visual Inspection,71.91,2024,3,25
143,100,Functional,2024-05-27,Internal,Moderate,Manual Testing,916.79,2024,5,27
144,45,Cosmetic,2024-06-18,Internal,Moderate,Manual Testing,558.34,2024,6,18
145,25,Structural,2024-01-16,Internal,Minor,Manual Testing,23.02,2024,1,16
146,43,Cosmetic,2024-04-26,Internal,Minor,Visual Inspection,346.23,2024,4,26
147,45,Structural,2024-04-05,Internal,Critical,Automated Testing,926.31,2024,4,5
148,84,Cosmetic,2024-01-29,Internal,Critical,Automated Testing,783.88,2024,1,29
149,41,Cosmetic,2024-01-25,Surface,Moderate,Automated Testing,747.18,2024,1,25
150,53,Functional,2024-03-22,Surface,Critical,Manual Testing,415.84,2024,3,22
151,61,Structural,2024-06-07,Component,Minor,Visual Inspection,502.15,2024,6,7
152,97,Structural,2024-01-27,Internal,Moderate,Manual Testing,94.7,2024,1,27
153,63,Cosmetic,2024-01-09,Surface,Minor,Manual Testing,426.04,2024,1,9
154,75,Cosmetic,2024-05-03,Surface,Moderate,Automated Testing,380.52,2024,5,3
155,10,Structural,2024-01-24,Component,Minor,Visual Inspection,935.64,2024,1,24
156,56,Functional,2024-05-21,Internal,Minor,Manual Testing,595.9,2024,5,21
157,96,Functional,2024-05-07,Surface,Minor,Manual Testing,788.22,2024,5,7
158,96,Functional,2024-01-16,Surface,Critical,Visual Inspection,465.74,2024,1,16
159,77,Structural,2024-05-19,Internal,Moderate,Automated Testing,661.8,2024,5,19
160,91,Structural,2024-05-17,Surface,Moderate,Manual Testing,532.77,2024,5,17
161,56,Cosmetic,2024-05-21,Component,Minor,Visual Inspection,612.03,2024,5,21
162,56,Functional,2024-02-09,Component,Moderate,Manual Testing,614.11,2024,2,9
163,12,Cosmetic,2024-01-30,Surface,Minor,Manual Testing,238.39,2024,1,30
164,6,Structural,2024-04-20,Internal,Minor,Visual Inspection,986.51,2024,4,20
165,30,Cosmetic,2024-05-06,Component,Critical,Automated Testing,796.76,2024,5,6
166,34,Functional,2024-02-15,Component,Minor,Visual Inspection,105.27,2024,2,15
167,99,Cosmetic,2024-01-27,Surface,Moderate,Automated Testing,950.97,2024,1,27
168,14,Structural,2024-06-29,Surface,Critical,Visual Inspection,517.41,2024,6,29
169,70,Cosmetic,2024-06-03,Surface,Critical,Manual Testing,789.62,2024,6,3
170,4,Functional,2024-05-16,Internal,Moderate,Visual Inspection,942.03,2024,5,16
171,74,Cosmetic,2024-04-26,Surface,Moderate,Manual Testing,352.05,2024,4,26
172,25,Cosmetic,2024-01-02,Component,Critical,Automated Testing,10.22,2024,1,2
173,74,Cosmetic,2024-03-29,Component,Moderate,Automated Testing,932.23,2024,3,29
174,51,Functional,2024-05-29,Surface,Critical,Automated Testing,715.22,2024,5,29
175,6,Structural,2024-02-19,Internal,Moderate,Manual Testing,999.64,2024,2,19
176,13,Structural,2024-03-09,Surface,Critical,Manual Testing,952.49,2024,3,9
177,34,Structural,2024-01-21,Internal,Minor,Manual Testing,174.76,2024,1,21
178,51,Functional,2024-01-17,Internal,Minor,Visual Inspection,755.15,2024,1,17
179,44,Structural,2024-04-23,Surface,Moderate,Automated Testing,532.6,2024,4,23
180,64,Structural,2024-01-07,Component,Minor,Manual Testing,854.25,2024,1,7
181,91,Functional,2024-02-29,Internal,Minor,Automated Testing,383.83,2024,2,29
182,80,Functional,2024-01-27,Internal,Moderate,Manual Testing,80.0,2024,1,27
183,8,Structural,2024-02-02,Component,Critical,Visual Inspection,970.31,2024,2,2
184,14,Functional,2024-02-09,Internal,Moderate,Visual Inspection,517.63,2024,2,9
185,64,Structural,2024-01-15,Surface,Moderate,Automated Testing,81.33,2024,1,15
186,21,Structural,2024-03-29,Component,Critical,Manual Testing,540.92,2024,3,29
187,13,Cosmetic,2024-04-27,Internal,Critical,Visual Inspection,280.77,2024,4,27
188,56,Structural,2024-06-02,Internal,Moderate,Automated Testing,87.28,2024,6,2
189,95,Cosmetic,2024-02-23,Surface,Minor,Manual Testing,306.56,2024,2,23
190,4,Functional,2024-06-22,Surface,Critical,Automated Testing,86.46,2024,6,22
191,80,Cosmetic,2024-01-12,Surface,Critical,Manual Testing,13.03,2024,1,12
192,95,Functional,2024-03-21,Component,Critical,Visual Inspection,525.07,2024,3,21
193,28,Cosmetic,2024-05-21,Component,Critical,Manual Testing,219.71,2024,5,21
194,1,Structural,2024-03-03,Component,Critical,Visual Inspection,192.21,2024,3,3
195,17,Structural,2024-02-18,Component,Moderate,Automated Testing,924.13,2024,2,18
196,18,Structural,2024-06-21,Component,Minor,Manual Testing,65.23,2024,6,21
197,76,Cosmetic,2024-05-28,Internal,Moderate,Automated Testing,481.7,2024,5,28
198,28,Cosmetic,2024-04-14,Surface,Minor,Manual Testing,561.27,2024,4,14
199,75,Structural,2024-01-30,Internal,Moderate,Visual Inspection,169.54,2024,1,30
200,78,Cosmetic,2024-04-04,Surface,Moderate,Visual Inspection,629.38,2024,4,4
201,8,Cosmetic,2024-01-04,Surface,Critical,Automated Testing,783.36,2024,1,4
202,97,Structural,2024-05-25,Surface,Moderate,Automated Testing,102.88,2024,5,25
203,22,Structural,2024-04-05,Component,Minor,Manual Testing,269.04,2024,4,5
204,82,Functional,2024-01-20,Surface,Moderate,Visual Inspection,257.33,2024,1,20
205,17,Structural,2024-05-28,Component,Critical,Automated Testing,824.37,2024,5,28
206,59,Functional,2024-05-29,Surface,Minor,Manual Testing,303.59,2024,5,29
207,69,Functional,2024-04-22,Internal,Critical,Automated Testing,793.3,2024,4,22
208,22,Functional,2024-01-31,Surface,Critical,Manual Testing,929.05,2024,1,31
209,76,Functional,2024-05-20,Internal,Moderate,Manual Testing,473.36,2024,5,20
210,59,Functional,2024-01-25,Surface,Minor,Automated Testing,478.17,2024,1,25
211,61,Structural,2024-03-12,Component,Critical,Manual Testing,430.49,2024,3,12
212,69,Functional,2024-05-07,Surface,Moderate,Automated Testing,460.93,2024,5,7
213,75,Cosmetic,2024-01-30,Internal,Moderate,Visual Inspection,917.3,2024,1,30
214,42,Structural,2024-01-02,Surface,Minor,Manual Testing,520.21,2024,1,2
215,38,Functional,2024-01-07,Internal,Critical,Manual Testing,575.58,2024,1,7
216,5,Structural,2024-01-13,Internal,Moderate,Visual Inspection,296.41,2024,1,13
217,10,Cosmetic,2024-05-28,Surface,Critical,Automated Testing,622.98,2024,5,28
218,21,Functional,2024-05-10,Internal,Critical,Visual Inspection,484.08,2024,5,10
219,92,Cosmetic,2024-04-26,Component,Critical,Manual Testing,479.31,2024,4,26
220,29,Functional,2024-04-05,Surface,Minor,Manual Testing,624.22,2024,4,5
221,49,Functional,2024-06-11,Component,Critical,Manual Testing,777.18,2024,6,11
222,28,Functional,2024-02-12,Component,Critical,Automated Testing,842.93,2024,2,12
223,87,Cosmetic,2024-01-26,Surface,Critical,Manual Testing,974.99,2024,1,26
224,51,Functional,2024-04-24,Component,Critical,Manual Testing,989.81,2024,4,24
225,64,Structural,2024-04-23,Component,Moderate,Visual Inspection,484.04,2024,4,23
226,77,Cosmetic,2024-06-04,Internal,Minor,Automated Testing,38.39,2024,6,4
227,23,Functional,2024-06-23,Surface,Minor,Visual Inspection,334.53,2024,6,23
228,89,Functional,2024-02-04,Component,Moderate,Manual Testing,580.74,2024,2,4
229,30,Functional,2024-03-24,Surface,Critical,Manual Testing,638.28,2024,3,24
230,88,Structural,2024-01-28,Component,Minor,Manual Testing,727.86,2024,1,28
231,47,Structural,2024-03-11,Internal,Moderate,Manual Testing,117.74,2024,3,11
232,74,Functional,2024-05-25,Component,Critical,Automated Testing,891.94,2024,5,25
233,53,Structural,2024-03-17,Surface,Minor,Visual Inspection,440.58,2024,3,17
234,39,Structural,2024-02-17,Internal,Minor,Automated Testing,310.96,2024,2,17
235,4,Cosmetic,2024-01-28,Internal,Critical,Manual Testing,430.74,2024,1,28
236,29,Cosmetic,2024-05-05,Surface,Minor,Automated Testing,47.99,2024,5,5
237,31,Cosmetic,2024-06-30,Component,Moderate,Visual Inspection,728.13,2024,6,30
238,75,Structural,2024-02-06,Component,Critical,Visual Inspection,890.35,2024,2,6
239,88,Functional,2024-03-12,Surface,Minor,Manual Testing,356.55,2024,3,12
240,14,Structural,2024-05-04,Internal,Moderate,Visual Inspection,271.51,2024,5,4
241,80,Structural,2024-03-19,Surface,Minor,Manual Testing,288.31,2024,3,19
242,13,Functional,2024-02-08,Component,Critical,Automated Testing,663.49,2024,2,8
243,5,Functional,2024-06-18,Internal,Moderate,Manual Testing,711.77,2024,6,18
244,67,Structural,2024-06-04,Surface,Moderate,Visual Inspection,822.12,2024,6,4
245,35,Cosmetic,2024-05-27,Component,Critical,Visual Inspection,889.52,2024,5,27
246,81,Structural,2024-03-30,Surface,Minor,Automated Testing,471.55,2024,3,30
247,24,Cosmetic,2024-04-22,Internal,Critical,Automated Testing,136.69,2024,4,22
248,65,Structural,2024-03-27,Component,Minor,Automated Testing,148.61,2024,3,27
249,13,Structural,2024-05-16,Surface,Moderate,Manual Testing,768.39,2024,5,16
250,65,Cosmetic,2024-06-07,Component,Moderate,Manual Testing,545.52,2024,6,7
251,33,Structural,2024-01-29,Component,Moderate,Automated Testing,978.58,2024,1,29
252,92,Cosmetic,2024-05-16,Internal,Critical,Visual Inspection,62.59,2024,5,16
253,25,Functional,2024-05-01,Component,Minor,Automated Testing,146.53,2024,5,1
254,33,Functional,2024-05-02,Surface,Minor,Automated Testing,168.3,2024,5,2
255,63,Cosmetic,2024-01-02,Internal,Critical,Manual Testing,225.2,2024,1,2
256,23,Structural,2024-06-18,Surface,Minor,Manual Testing,875.37,2024,6,18
257,47,Structural,2024-06-03,Surface,Minor,Manual Testing,772.77,2024,6,3
258,78,Structural,2024-05-07,Component,Minor,Automated Testing,617.12,2024,5,7
259,74,Functional,2024-03-20,Surface,Moderate,Manual Testing,900.61,2024,3,20
260,70,Structural,2024-03-03,Surface,Minor,Manual Testing,159.25,2024,3,3
261,59,Functional,2024-03-02,Internal,Minor,Manual Testing,16.62,2024,3,2
262,77,Functional,2024-02-25,Surface,Minor,Automated Testing,906.96,2024,2,25
263,96,Functional,2024-05-03,Internal,Minor,Manual Testing,446.61,2024,5,3
264,39,Structural,2024-01-29,Surface,Minor,Manual Testing,406.06,2024,1,29
265,54,Structural,2024-06-08,Component,Minor,Automated Testing,286.25,2024,6,8
266,74,Structural,2024-06-22,Surface,Critical,Manual Testing,319.6,2024,6,22
267,57,Functional,2024-06-04,Surface,Moderate,Manual Testing,798.16,2024,6,4
268,48,Functional,2024-01-05,Component,Critical,Manual Testing,674.23,2024,1,5
269,99,Cosmetic,2024-03-09,Component,Minor,Manual Testing,940.48,2024,3,9
270,71,Functional,2024-04-05,Internal,Critical,Visual Inspection,42.63,2024,4,5
271,37,Cosmetic,2024-06-26,Surface,Critical,Automated Testing,433.02,2024,6,26
272,65,Structural,2024-04-09,Internal,Minor,Manual Testing,606.91,2024,4,9
273,94,Structural,2024-06-15,Surface,Moderate,Automated Testing,129.41,2024,6,15
274,83,Cosmetic,2024-02-05,Surface,Critical,Manual Testing,444.1,2024,2,5
275,71,Functional,2024-05-29,Surface,Moderate,Manual Testing,634.26,2024,5,29
276,46,Cosmetic,2024-01-13,Surface,Moderate,Manual Testing,672.89,2024,1,13
277,56,Functional,2024-05-22,Internal,Minor,Visual Inspection,557.67,2024,5,22
278,34,Functional,2024-06-22,Internal,Minor,Manual Testing,272.53,2024,6,22
279,19,Structural,2024-02-17,Internal,Minor,Visual Inspection,503.24,2024,2,17
280,27,Functional,2024-04-23,Surface,Critical,Visual Inspection,611.37,2024,4,23
281,69,Cosmetic,2024-01-24,Surface,Minor,Visual Inspection,501.54,2024,1,24
282,90,Structural,2024-05-20,Surface,Minor,Manual Testing,290.23,2024,5,20
283,63,Cosmetic,2024-01-30,Internal,Moderate,Manual Testing,195.84,2024,1,30
284,86,Structural,2024-04-09,Internal,Moderate,Visual Inspection,88.05,2024,4,9
285,82,Structural,2024-05-17,Surface,Critical,Manual Testing,97.99,2024,5,17
286,65,Structural,2024-06-19,Internal,Critical,Visual Inspection,349.24,2024,6,19
287,14,Structural,2024-01-31,Internal,Critical,Manual Testing,421.51,2024,1,31
288,48,Structural,2024-05-26,Internal,Critical,Manual Testing,422.77,2024,5,26
289,61,Structural,2024-02-07,Internal,Minor,Automated Testing,925.03,2024,2,7
290,35,Structural,2024-02-27,Internal,Minor,Automated Testing,319.58,2024,2,27
291,67,Functional,2024-04-22,Surface,Moderate,Automated Testing,556.42,2024,4,22
292,16,Structural,2024-02-04,Surface,Minor,Automated Testing,818.54,2024,2,4
293,44,Structural,2024-01-02,Internal,Moderate,Automated Testing,320.62,2024,1,2
294,80,Cosmetic,2024-03-31,Internal,Moderate,Manual Testing,178.82,2024,3,31
295,83,Structural,2024-02-29,Surface,Critical,Manual Testing,237.65,2024,2,29
296,93,Structural,2024-03-14,Component,Moderate,Manual Testing,658.16,2024,3,14
297,43,Structural,2024-01-23,Surface,Minor,Visual Inspection,326.58,2024,1,23
298,87,Cosmetic,2024-02-14,Surface,Minor,Manual Testing,301.61,2024,2,14
299,56,Cosmetic,2024-05-26,Surface,Minor,Visual Inspection,357.56,2024,5,26
300,3,Functional,2024-04-26,Internal,Critical,Manual Testing,358.21,2024,4,26
301,22,Structural,2024-05-03,Surface,Moderate,Manual Testing,89.91,2024,5,3
302,85,Cosmetic,2024-05-06,Internal,Minor,Automated Testing,18.42,2024,5,6
303,80,Functional,2024-04-25,Component,Moderate,Visual Inspection,294.31,2024,4,25
304,17,Functional,2024-04-24,Internal,Minor,Visual Inspection,865.96,2024,4,24
305,35,Cosmetic,2024-06-12,Component,Minor,Visual Inspection,578.28,2024,6,12
306,39,Structural,2024-02-13,Surface,Critical,Visual Inspection,495.87,2024,2,13
307,30,Functional,2024-06-19,Component,Minor,Visual Inspection,728.39,2024,6,19
308,47,Cosmetic,2024-01-08,Component,Minor,Manual Testing,949.72,2024,1,8
309,24,Structural,2024-03-23,Component,Moderate,Manual Testing,56.12,2024,3,23
310,76,Structural,2024-05-26,Component,Moderate,Automated Testing,56.35,2024,5,26
311,38,Structural,2024-04-08,Internal,Minor,Manual Testing,651.35,2024,4,8
312,47,Cosmetic,2024-02-23,Component,Minor,Manual Testing,471.27,2024,2,23
313,82,Cosmetic,2024-05-29,Surface,Moderate,Visual Inspection,732.6,2024,5,29
314,36,Cosmetic,2024-02-19,Component,Minor,Automated Testing,865.3,2024,2,19
315,40,Functional,2024-01-15,Internal,Minor,Automated Testing,49.2,2024,1,15
316,28,Cosmetic,2024-06-09,Surface,Critical,Manual Testing,567.72,2024,6,9
317,31,Cosmetic,2024-01-09,Surface,Moderate,Visual Inspection,490.53,2024,1,9
318,34,Functional,2024-03-03,Component,Minor,Manual Testing,11.38,2024,3,3
319,56,Functional,2024-02-23,Component,Moderate,Visual Inspection,409.72,2024,2,23
320,45,Functional,2024-01-05,Component,Minor,Visual Inspection,515.07,2024,1,5
321,32,Structural,2024-06-06,Component,Moderate,Visual Inspection,42.44,2024,6,6
322,54,Functional,2024-05-30,Internal,Critical,Automated Testing,883.58,2024,5,30
323,44,Structural,2024-06-08,Internal,Minor,Automated Testing,624.98,2024,6,8
324,97,Functional,2024-04-06,Component,Minor,Manual Testing,195.74,2024,4,6
325,15,Functional,2024-04-15,Internal,Moderate,Manual Testing,241.22,2024,4,15
326,97,Cosmetic,2024-04-29,Component,Minor,Manual Testing,441.18,2024,4,29
327,17,Structural,2024-04-01,Component,Critical,Manual Testing,274.09,2024,4,1
328,91,Functional,2024-06-08,Surface,Moderate,Visual Inspection,268.52,2024,6,8
329,92,Structural,2024-01-02,Component,Critical,Automated Testing,170.44,2024,1,2
330,72,Functional,2024-03-01,Component,Moderate,Automated Testing,386.43,2024,3,1
331,74,Functional,2024-03-01,Surface,Minor,Manual Testing,970.98,2024,3,1
332,7,Functional,2024-05-16,Component,Minor,Automated Testing,751.73,2024,5,16
333,24,Functional,2024-04-22,Component,Minor,Automated Testing,285.85,2024,4,22
334,10,Structural,2024-03-15,Internal,Critical,Manual Testing,478.75,2024,3,15
335,26,Cosmetic,2024-02-29,Surface,Minor,Automated Testing,884.79,2024,2,29
336,92,Cosmetic,2024-04-13,Surface,Moderate,Automated Testing,44.73,2024,4,13
337,68,Cosmetic,2024-05-24,Component,Minor,Automated Testing,952.79,2024,5,24
338,31,Cosmetic,2024-01-03,Component,Moderate,Manual Testing,959.59,2024,1,3
339,41,Structural,2024-02-15,Component,Moderate,Visual Inspection,312.25,2024,2,15
340,95,Cosmetic,2024-06-23,Component,Minor,Visual Inspection,658.47,2024,6,23
341,17,Functional,2024-05-03,Surface,Minor,Manual Testing,243.25,2024,5,3
342,4,Cosmetic,2024-05-24,Internal,Moderate,Automated Testing,199.65,2024,5,24
343,96,Functional,2024-01-30,Component,Minor,Visual Inspection,471.43,2024,1,30
344,81,Functional,2024-02-06,Component,Moderate,Visual Inspection,756.85,2024,2,6
345,61,Structural,2024-05-31,Internal,Critical,Visual Inspection,369.06,2024,5,31
346,97,Cosmetic,2024-06-14,Surface,Minor,Manual Testing,326.19,2024,6,14
347,90,Functional,2024-05-19,Component,Minor,Visual Inspection,22.07,2024,5,19
348,29,Cosmetic,2024-04-18,Component,Critical,Visual Inspection,825.33,2024,4,18
349,45,Cosmetic,2024-01-20,Surface,Minor,Automated Testing,697.77,2024,1,20
350,33,Structural,2024-05-18,Component,Moderate,Visual Inspection,417.1,2024,5,18
351,44,Cosmetic,2024-06-07,Surface,Minor,Visual Inspection,74.81,2024,6,7
352,30,Functional,2024-02-24,Surface,Minor,Visual Inspection,104.54,2024,2,24
353,29,Functional,2024-06-14,Component,Critical,Manual Testing,480.07,2024,6,14
354,26,Structural,2024-03-13,Surface,Minor,Manual Testing,842.37,2024,3,13
355,18,Cosmetic,2024-03-12,Internal,Critical,Manual Testing,422.03,2024,3,12
356,9,Functional,2024-02-03,Internal,Critical,Visual Inspection,161.41,2024,2,3
357,50,Cosmetic,2024-02-08,Component,Critical,Visual Inspection,361.26,2024,2,8
358,71,Cosmetic,2024-05-17,Surface,Critical,Automated Testing,999.25,2024,5,17
359,27,Functional,2024-02-17,Internal,Critical,Automated Testing,495.53,2024,2,17
360,82,Functional,2024-06-02,Internal,Moderate,Visual Inspection,40.89,2024,6,2
361,19,Functional,2024-06-07,Component,Moderate,Manual Testing,444.31,2024,6,7
362,45,Structural,2024-06-20,Surface,Minor,Manual Testing,739.69,2024,6,20
363,12,Structural,2024-06-20,Internal,Minor,Visual Inspection,577.64,2024,6,20
364,54,Functional,2024-03-21,Component,Minor,Visual Inspection,230.65,2024,3,21
365,40,Structural,2024-04-10,Component,Minor,Manual Testing,692.1,2024,4,10
366,95,Functional,2024-04-04,Internal,Critical,Visual Inspection,378.29,2024,4,4
367,21,Functional,2024-01-23,Internal,Moderate,Visual Inspection,584.9,2024,1,23
368,35,Functional,2024-03-01,Internal,Moderate,Visual Inspection,39.01,2024,3,1
369,47,Functional,2024-01-26,Internal,Critical,Visual Inspection,899.07,2024,1,26
370,93,Structural,2024-01-27,Internal,Minor,Visual Inspection,96.04,2024,1,27
371,74,Structural,2024-01-02,Internal,Moderate,Visual Inspection,269.99,2024,1,2
372,76,Cosmetic,2024-05-14,Surface,Minor,Visual Inspection,996.49,2024,5,14
373,92,Functional,2024-01-11,Surface,Moderate,Manual Testing,573.22,2024,1,11
374,5,Structural,2024-06-13,Internal,Moderate,Visual Inspection,694.03,2024,6,13
375,48,Functional,2024-05-10,Internal,Minor,Visual Inspection,963.03,2024,5,10
376,54,Functional,2024-01-10,Component,Moderate,Manual Testing,118.46,2024,1,10
377,97,Structural,2024-01-16,Component,Moderate,Automated Testing,773.47,2024,1,16
378,41,Structural,2024-06-12,Surface,Minor,Visual Inspection,180.86,2024,6,12
379,34,Cosmetic,2024-04-05,Surface,Minor,Manual Testing,18.61,2024,4,5
380,25,Cosmetic,2024-04-10,Component,Critical,Manual Testing,176.96,2024,4,10
381,27,Cosmetic,2024-01-07,Surface,Moderate,Visual Inspection,32.44,2024,1,7
382,74,Cosmetic,2024-02-12,Component,Minor,Manual Testing,351.27,2024,2,12
383,51,Functional,2024-01-05,Component,Critical,Visual Inspection,303.16,2024,1,5
384,98,Cosmetic,2024-05-05,Internal,Critical,Automated Testing,404.15,2024,5,5
385,83,Structural,2024-01-10,Internal,Moderate,Automated Testing,800.76,2024,1,10
386,60,Structural,2024-01-29,Surface,Moderate,Visual Inspection,321.45,2024,1,29
387,84,Functional,2024-02-14,Surface,Critical,Manual Testing,510.38,2024,2,14
388,32,Structural,2024-02-17,Internal,Minor,Automated Testing,883.92,2024,2,17
389,49,Structural,2024-04-16,Internal,Minor,Automated Testing,918.87,2024,4,16
390,1,Structural,2024-05-19,Surface,Critical,Automated Testing,564.46,2024,5,19
391,7,Functional,2024-06-03,Internal,Minor,Visual Inspection,889.4,2024,6,3
392,81,Functional,2024-02-25,Component,Critical,Automated Testing,197.87,2024,2,25
393,24,Cosmetic,2024-06-09,Surface,Critical,Visual Inspection,786.6,2024,6,9
394,37,Functional,2024-05-04,Internal,Moderate,Manual Testing,740.36,2024,5,4
395,81,Functional,2024-03-05,Surface,Critical,Automated Testing,667.24,2024,3,5
396,84,Cosmetic,2024-01-09,Surface,Critical,Visual Inspection,77.72,2024,1,9
397,79,Functional,2024-04-16,Surface,Moderate,Visual Inspection,106.59,2024,4,16
398,3,Structural,2024-02-20,Surface,Minor,Manual Testing,529.16,2024,2,20
399,50,Functional,2024-04-07,Surface,Critical,Manual Testing,94.34,2024,4,7
400,44,Cosmetic,2024-04-12,Component,Moderate,Manual Testing,97.53,2024,4,12
401,34,Functional,2024-04-19,Internal,Critical,Automated Testing,500.88,2024,4,19
402,41,Functional,2024-02-23,Internal,Minor,Manual Testing,477.42,2024,2,23
403,6,Cosmetic,2024-05-09,Surface,Minor,Manual Testing,810.57,2024,5,9
404,47,Structural,2024-05-01,Surface,Minor,Automated Testing,945.16,2024,5,1
405,4,Functional,2024-03-24,Internal,Minor,Visual Inspection,325.31,2024,3,24
406,39,Functional,2024-04-11,Component,Moderate,Visual Inspection,810.44,2024,4,11
407,10,Functional,2024-05-30,Internal,Critical,Visual Inspection,623.76,2024,5,30
408,45,Structural,2024-06-24,Internal,Minor,Visual Inspection,375.28,2024,6,24
409,46,Functional,2024-03-05,Surface,Minor,Automated Testing,474.48,2024,3,5
410,5,Cosmetic,2024-03-13,Surface,Moderate,Visual Inspection,636.39,2024,3,13
411,86,Functional,2024-02-28,Component,Minor,Visual Inspection,957.36,2024,2,28
412,97,Functional,2024-02-02,Internal,Minor,Automated Testing,66.98,2024,2,2
413,20,Structural,2024-04-05,Internal,Minor,Visual Inspection,608.64,2024,4,5
414,36,Structural,2024-02-04,Component,Moderate,Automated Testing,75.93,2024,2,4
415,7,Structural,2024-06-12,Component,Critical,Automated Testing,477.58,2024,6,12
416,53,Cosmetic,2024-05-17,Component,Moderate,Automated Testing,252.11,2024,5,17
417,37,Cosmetic,2024-04-16,Component,Critical,Visual Inspection,987.71,2024,4,16
418,81,Functional,2024-03-23,Internal,Moderate,Manual Testing,464.04,2024,3,23
419,61,Functional,2024-02-13,Component,Minor,Visual Inspection,694.29,2024,2,13
420,56,Structural,2024-04-20,Surface,Critical,Automated Testing,829.49,2024,4,20
421,79,Functional,2024-01-09,Internal,Minor,Visual Inspection,466.04,2024,1,9
422,12,Functional,2024-04-11,Internal,Moderate,Manual Testing,101.05,2024,4,11
423,66,Cosmetic,2024-01-04,Internal,Critical,Automated Testing,748.29,2024,1,4
424,27,Structural,2024-03-27,Component,Moderate,Visual Inspection,438.54,2024,3,27
425,88,Functional,2024-02-25,Component,Moderate,Visual Inspection,834.57,2024,2,25
426,62,Functional,2024-05-23,Internal,Critical,Manual Testing,655.02,2024,5,23
427,10,Structural,2024-03-22,Surface,Critical,Manual Testing,342.61,2024,3,22
428,61,Structural,2024-03-26,Internal,Critical,Visual Inspection,539.5,2024,3,26
429,15,Functional,2024-06-19,Component,Moderate,Visual Inspection,487.41,2024,6,19
430,72,Structural,2024-06-27,Surface,Minor,Automated Testing,212.86,2024,6,27
431,77,Functional,2024-05-13,Surface,Critical,Visual Inspection,873.59,2024,5,13
432,56,Cosmetic,2024-02-25,Surface,Moderate,Automated Testing,389.21,2024,2,25
433,18,Cosmetic,2024-05-03,Component,Minor,Automated Testing,34.48,2024,5,3
434,42,Functional,2024-05-12,Surface,Minor,Manual Testing,235.97,2024,5,12
435,41,Structural,2024-04-08,Surface,Moderate,Visual Inspection,575.15,2024,4,8
436,44,Structural,2024-06-18,Surface,Minor,Visual Inspection,182.54,2024,6,18
437,82,Cosmetic,2024-05-06,Component,Minor,Automated Testing,752.8,2024,5,6
438,39,Functional,2024-01-12,Component,Critical,Visual Inspection,214.33,2024,1,12
439,63,Functional,2024-03-13,Surface,Moderate,Visual Inspection,716.26,2024,3,13
440,78,Structural,2024-03-03,Surface,Critical,Visual Inspection,608.46,2024,3,3
441,92,Structural,2024-06-18,Internal,Moderate,Automated Testing,255.47,2024,6,18
442,92,Structural,2024-02-06,Component,Minor,Manual Testing,914.32,2024,2,6
443,16,Cosmetic,2024-06-25,Internal,Critical,Automated Testing,519.15,2024,6,25
444,63,Functional,2024-02-08,Internal,Moderate,Manual Testing,816.09,2024,2,8
445,65,Functional,2024-03-23,Component,Minor,Manual Testing,481.11,2024,3,23
446,60,Cosmetic,2024-01-20,Component,Moderate,Automated Testing,780.05,2024,1,20
447,58,Structural,2024-01-09,Internal,Minor,Automated Testing,750.51,2024,1,9
448,69,Functional,2024-05-10,Component,Moderate,Manual Testing,908.59,2024,5,10
449,7,Functional,2024-03-10,Component,Moderate,Visual Inspection,705.47,2024,3,10
450,80,Functional,2024-04-23,Internal,Minor,Automated Testing,406.28,2024,4,23
451,55,Functional,2024-01-02,Internal,Critical,Manual Testing,295.41,2024,1,2
452,6,Structural,2024-03-04,Internal,Critical,Visual Inspection,903.36,2024,3,4
453,86,Structural,2024-05-17,Component,Moderate,Manual Testing,803.65,2024,5,17
454,70,Functional,2024-03-30,Component,Moderate,Automated Testing,359.69,2024,3,30
455,50,Structural,2024-03-30,Component,Moderate,Manual Testing,699.69,2024,3,30
456,20,Structural,2024-04-05,Surface,Critical,Manual Testing,281.81,2024,4,5
457,63,Structural,2024-04-11,Surface,Minor,Automated Testing,896.04,2024,4,11
458,66,Functional,2024-04-23,Internal,Moderate,Visual Inspection,587.69,2024,4,23
459,64,Functional,2024-02-26,Component,Moderate,Automated Testing,623.52,2024,2,26
460,66,Structural,2024-06-11,Component,Minor,Visual Inspection,668.05,2024,6,11
461,95,Functional,2024-03-02,Internal,Minor,Visual Inspection,571.02,2024,3,2
462,56,Structural,2024-02-18,Internal,Minor,Manual Testing,918.39,2024,2,18
463,75,Functional,2024-03-15,Surface,Minor,Automated Testing,669.62,2024,3,15
464,81,Functional,2024-01-27,Component,Moderate,Visual Inspection,581.01,2024,1,27
465,39,Structural,2024-05-20,Internal,Minor,Manual Testing,899.45,2024,5,20
466,57,Cosmetic,2024-01-05,Surface,Critical,Visual Inspection,764.59,2024,1,5
467,83,Cosmetic,2024-02-28,Internal,Moderate,Automated Testing,150.16,2024,2,28
468,98,Functional,2024-03-26,Internal,Minor,Visual Inspection,791.72,2024,3,26
469,90,Functional,2024-04-28,Surface,Moderate,Manual Testing,15.1,2024,4,28
470,76,Structural,2024-02-22,Component,Minor,Visual Inspection,466.92,2024,2,22
471,89,Cosmetic,2024-03-24,Internal,Minor,Manual Testing,833.02,2024,3,24
472,43,Functional,2024-03-24,Internal,Critical,Visual Inspection,907.98,2024,3,24
473,38,Structural,2024-02-25,Internal,Minor,Manual Testing,652.85,2024,2,25
474,62,Cosmetic,2024-02-04,Component,Moderate,Automated Testing,618.88,2024,2,4
475,97,Cosmetic,2024-03-16,Surface,Moderate,Manual Testing,140.36,2024,3,16
476,86,Cosmetic,2024-02-01,Internal,Critical,Visual Inspection,683.68,2024,2,1
477,38,Functional,2024-02-23,Component,Critical,Visual Inspection,613.47,2024,2,23
478,58,Functional,2024-01-18,Surface,Moderate,Visual Inspection,895.11,2024,1,18
479,32,Cosmetic,2024-06-07,Component,Critical,Visual Inspection,515.94,2024,6,7
480,78,Functional,2024-01-07,Internal,Minor,Automated Testing,293.09,2024,1,7
481,66,Cosmetic,2024-06-02,Surface,Critical,Automated Testing,689.42,2024,6,2
482,68,Structural,2024-06-16,Surface,Critical,Visual Inspection,148.53,2024,6,16
483,10,Structural,2024-02-17,Component,Moderate,Visual Inspection,933.3,2024,2,17
484,77,Cosmetic,2024-02-10,Internal,Minor,Manual Testing,336.75,2024,2,10
485,50,Structural,2024-02-29,Surface,Minor,Manual Testing,223.73,2024,2,29
486,97,Cosmetic,2024-03-29,Internal,Critical,Automated Testing,236.47,2024,3,29
487,26,Cosmetic,2024-03-13,Internal,Critical,Manual Testing,647.11,2024,3,13
488,51,Cosmetic,2024-04-04,Surface,Minor,Automated Testing,268.57,2024,4,4
489,57,Cosmetic,2024-05-10,Internal,Minor,Visual Inspection,405.89,2024,5,10
490,12,Functional,2024-03-11,Internal,Minor,Manual Testing,643.98,2024,3,11
491,90,Functional,2024-02-19,Internal,Critical,Manual Testing,183.11,2024,2,19
492,79,Functional,2024-04-21,Component,Moderate,Visual Inspection,878.64,2024,4,21
493,58,Functional,2024-06-09,Component,Critical,Manual Testing,702.09,2024,6,9
494,31,Structural,2024-03-01,Internal,Critical,Visual Inspection,823.59,2024,3,1
495,49,Structural,2024-01-28,Surface,Moderate,Automated Testing,294.56,2024,1,28
496,6,Functional,2024-01-16,Internal,Critical,Visual Inspection,533.14,2024,1,16
497,49,Functional,2024-03-28,Component,Critical,Visual Inspection,975.5,2024,3,28
498,87,Cosmetic,2024-06-17,Internal,Moderate,Visual Inspection,707.21,2024,6,17
499,60,Cosmetic,2024-04-01,Surface,Moderate,Visual Inspection,775.91,2024,4,1
500,100,Functional,2024-04-19,Surface,Moderate,Manual Testing,617.36,2024,4,19
501,46,Structural,2024-01-13,Surface,Minor,Visual Inspection,922.52,2024,1,13
502,62,Structural,2024-04-26,Surface,Minor,Automated Testing,81.91,2024,4,26
503,91,Cosmetic,2024-06-13,Surface,Critical,Manual Testing,40.19,2024,6,13
504,74,Cosmetic,2024-05-26,Internal,Moderate,Manual Testing,943.79,2024,5,26
505,92,Structural,2024-04-11,Surface,Minor,Visual Inspection,411.9,2024,4,11
506,66,Structural,2024-05-05,Internal,Critical,Visual Inspection,759.53,2024,5,5
507,81,Cosmetic,2024-01-15,Component,Critical,Manual Testing,368.11,2024,1,15
508,41,Functional,2024-04-04,Surface,Moderate,Visual Inspection,27.9,2024,4,4
509,91,Structural,2024-04-21,Internal,Critical,Automated Testing,670.09,2024,4,21
510,35,Functional,2024-05-24,Internal,Critical,Automated Testing,790.76,2024,5,24
511,12,Cosmetic,2024-06-20,Internal,Moderate,Manual Testing,769.88,2024,6,20
512,77,Cosmetic,2024-05-06,Internal,Critical,Automated Testing,262.6,2024,5,6
513,11,Cosmetic,2024-03-23,Surface,Moderate,Visual Inspection,520.44,2024,3,23
514,93,Structural,2024-05-19,Component,Minor,Visual Inspection,624.75,2024,5,19
515,3,Structural,2024-03-22,Internal,Moderate,Manual Testing,496.27,2024,3,22
516,43,Functional,2024-06-20,Component,Moderate,Automated Testing,368.54,2024,6,20
517,88,Cosmetic,2024-06-12,Internal,Moderate,Manual Testing,942.94,2024,6,12
518,4,Cosmetic,2024-03-28,Internal,Critical,Automated Testing,449.63,2024,3,28
519,96,Functional,2024-06-18,Internal,Critical,Manual Testing,117.82,2024,6,18
520,75,Functional,2024-05-12,Internal,Critical,Visual Inspection,300.05,2024,5,12
521,86,Structural,2024-01-07,Surface,Critical,Visual Inspection,975.1,2024,1,7
522,70,Structural,2024-01-13,Surface,Critical,Manual Testing,74.36,2024,1,13
523,6,Functional,2024-01-08,Component,Moderate,Automated Testing,924.05,2024,1,8
524,14,Cosmetic,2024-02-10,Surface,Minor,Visual Inspection,132.39,2024,2,10
525,77,Functional,2024-02-24,Surface,Critical,Manual Testing,893.77,2024,2,24
526,65,Structural,2024-02-10,Surface,Minor,Manual Testing,142.64,2024,2,10
527,70,Structural,2024-04-19,Component,Minor,Manual Testing,368.94,2024,4,19
528,8,Functional,2024-06-10,Internal,Minor,Automated Testing,997.03,2024,6,10
529,54,Structural,2024-01-02,Surface,Minor,Manual Testing,496.1,2024,1,2
530,98,Functional,2024-02-02,Surface,Critical,Automated Testing,798.12,2024,2,2
531,82,Cosmetic,2024-02-08,Internal,Critical,Visual Inspection,572.74,2024,2,8
532,6,Structural,2024-02-10,Surface,Critical,Manual Testing,53.77,2024,2,10
533,49,Cosmetic,2024-04-03,Surface,Minor,Visual Inspection,369.83,2024,4,3
534,14,Cosmetic,2024-04-11,Surface,Minor,Visual Inspection,398.17,2024,4,11
535,88,Structural,2024-03-21,Internal,Critical,Automated Testing,825.57,2024,3,21
536,8,Functional,2024-05-13,Internal,Critical,Automated Testing,201.88,2024,5,13
537,91,Cosmetic,2024-06-13,Component,Critical,Visual Inspection,47.47,2024,6,13
538,1,Structural,2024-05-11,Component,Moderate,Automated Testing,856.33,2024,5,11
539,15,Cosmetic,2024-05-12,Internal,Moderate,Manual Testing,497.65,2024,5,12
540,20,Cosmetic,2024-02-14,Internal,Minor,Manual Testing,908.53,2024,2,14
541,16,Cosmetic,2024-04-29,Component,Critical,Manual Testing,371.88,2024,4,29
542,49,Functional,2024-06-25,Surface,Moderate,Manual Testing,960.15,2024,6,25
543,76,Structural,2024-03-18,Component,Minor,Visual Inspection,73.55,2024,3,18
544,56,Cosmetic,2024-01-12,Component,Minor,Automated Testing,615.43,2024,1,12
545,21,Structural,2024-06-17,Component,Minor,Visual Inspection,619.02,2024,6,17
546,17,Functional,2024-01-15,Component,Minor,Manual Testing,677.64,2024,1,15
547,10,Cosmetic,2024-02-25,Surface,Moderate,Visual Inspection,684.16,2024,2,25
548,90,Functional,2024-03-26,Internal,Critical,Automated Testing,536.37,2024,3,26
549,8,Cosmetic,2024-01-22,Surface,Minor,Visual Inspection,47.22,2024,1,22
550,27,Structural,2024-05-26,Surface,Minor,Automated Testing,704.44,2024,5,26
551,87,Functional,2024-04-15,Surface,Minor,Automated Testing,512.02,2024,4,15
552,93,Structural,2024-06-04,Component,Minor,Automated Testing,36.04,2024,6,4
553,12,Functional,2024-01-10,Surface,Critical,Manual Testing,811.65,2024,1,10
554,30,Functional,2024-01-28,Internal,Critical,Automated Testing,900.37,2024,1,28
555,4,Functional,2024-03-06,Component,Minor,Automated Testing,644.51,2024,3,6
556,71,Functional,2024-02-11,Surface,Minor,Visual Inspection,355.85,2024,2,11
557,97,Functional,2024-03-03,Internal,Minor,Manual Testing,945.18,2024,3,3
558,12,Structural,2024-04-13,Internal,Minor,Visual Inspection,201.79,2024,4,13
559,17,Cosmetic,2024-02-26,Internal,Minor,Manual Testing,73.0,2024,2,26
560,94,Cosmetic,2024-01-09,Surface,Moderate,Manual Testing,769.57,2024,1,9
561,45,Functional,2024-03-27,Surface,Moderate,Automated Testing,930.11,2024,3,27
562,72,Cosmetic,2024-01-15,Internal,Moderate,Manual Testing,554.98,2024,1,15
563,56,Functional,2024-02-13,Component,Minor,Automated Testing,826.59,2024,2,13
564,93,Functional,2024-02-18,Surface,Critical,Manual Testing,362.82,2024,2,18
565,58,Structural,2024-01-15,Surface,Minor,Manual Testing,946.8,2024,1,15
566,96,Cosmetic,2024-02-17,Internal,Minor,Automated Testing,192.28,2024,2,17
567,38,Functional,2024-04-04,Internal,Critical,Automated Testing,383.41,2024,4,4
568,62,Structural,2024-03-19,Surface,Minor,Automated Testing,132.83,2024,3,19
569,97,Functional,2024-05-14,Component,Critical,Automated Testing,904.32,2024,5,14
570,12,Cosmetic,2024-03-22,Internal,Critical,Visual Inspection,944.63,2024,3,22
571,47,Functional,2024-04-19,Surface,Critical,Manual Testing,524.5,2024,4,19
572,73,Structural,2024-02-17,Internal,Critical,Visual Inspection,976.75,2024,2,17
573,46,Cosmetic,2024-02-27,Internal,Critical,Visual Inspection,508.94,2024,2,27
574,5,Functional,2024-01-21,Component,Critical,Visual Inspection,565.86,2024,1,21
575,72,Functional,2024-03-07,Component,Minor,Visual Inspection,151.62,2024,3,7
576,99,Structural,2024-04-10,Surface,Critical,Automated Testing,394.88,2024,4,10
577,1,Functional,2024-04-21,Surface,Critical,Visual Inspection,404.22,2024,4,21
578,26,Structural,2024-06-09,Component,Minor,Visual Inspection,564.82,2024,6,9
579,100,Structural,2024-04-12,Internal,Minor,Manual Testing,722.21,2024,4,12
580,15,Structural,2024-03-04,Internal,Moderate,Visual Inspection,16.05,2024,3,4
581,9,Functional,2024-06-20,Internal,Moderate,Manual Testing,666.31,2024,6,20
582,80,Cosmetic,2024-06-08,Component,Moderate,Automated Testing,346.73,2024,6,8
583,86,Structural,2024-06-29,Internal,Moderate,Automated Testing,138.42,2024,6,29
584,42,Structural,2024-06-29,Component,Minor,Visual Inspection,663.53,2024,6,29
585,19,Structural,2024-06-01,Surface,Critical,Automated Testing,150.78,2024,6,1
586,97,Cosmetic,2024-03-11,Surface,Critical,Automated Testing,503.25,2024,3,11
587,68,Structural,2024-02-03,Surface,Moderate,Manual Testing,576.57,2024,2,3
588,40,Structural,2024-02-26,Surface,Moderate,Visual Inspection,204.6,2024,2,26
589,8,Structural,2024-03-03,Internal,Moderate,Visual Inspection,410.72,2024,3,3
590,90,Structural,2024-02-17,Component,Minor,Manual Testing,50.38,2024,2,17
591,90,Functional,2024-02-09,Surface,Moderate,Manual Testing,400.31,2024,2,9
592,7,Structural,2024-06-01,Internal,Minor,Automated Testing,301.7,2024,6,1
593,73,Functional,2024-06-23,Surface,Moderate,Visual Inspection,64.74,2024,6,23
594,96,Cosmetic,2024-01-14,Surface,Moderate,Automated Testing,485.27,2024,1,14
595,60,Cosmetic,2024-06-21,Surface,Moderate,Automated Testing,194.44,2024,6,21
596,74,Structural,2024-06-16,Internal,Moderate,Automated Testing,891.01,2024,6,16
597,26,Cosmetic,2024-04-19,Internal,Critical,Automated Testing,267.51,2024,4,19
598,50,Functional,2024-06-08,Component,Critical,Automated Testing,151.43,2024,6,8
599,36,Functional,2024-04-20,Internal,Critical,Manual Testing,297.76,2024,4,20
600,46,Cosmetic,2024-04-21,Component,Critical,Manual Testing,663.35,2024,4,21
601,46,Structural,2024-04-24,Internal,Moderate,Visual Inspection,927.75,2024,4,24
602,74,Cosmetic,2024-02-10,Surface,Moderate,Visual Inspection,283.6,2024,2,10
603,45,Structural,2024-03-21,Surface,Moderate,Manual Testing,919.65,2024,3,21
604,100,Functional,2024-03-25,Surface,Critical,Visual Inspection,302.29,2024,3,25
605,63,Functional,2024-05-27,Surface,Moderate,Automated Testing,309.53,2024,5,27
606,63,Structural,2024-04-13,Surface,Minor,Manual Testing,478.6,2024,4,13
607,75,Cosmetic,2024-05-30,Component,Minor,Visual Inspection,419.58,2024,5,30
608,5,Cosmetic,2024-03-25,Surface,Minor,Automated Testing,685.3,2024,3,25
609,5,Structural,2024-05-06,Internal,Critical,Visual Inspection,390.64,2024,5,6
610,81,Cosmetic,2024-05-12,Internal,Minor,Manual Testing,837.9,2024,5,12
611,80,Functional,2024-01-20,Internal,Minor,Manual Testing,67.82,2024,1,20
612,56,Structural,2024-04-13,Internal,Minor,Manual Testing,21.12,2024,4,13
613,68,Structural,2024-01-08,Surface,Moderate,Visual Inspection,700.72,2024,1,8
614,67,Cosmetic,2024-01-18,Surface,Critical,Manual Testing,893.3,2024,1,18
615,53,Cosmetic,2024-03-02,Surface,Moderate,Automated Testing,736.75,2024,3,2
616,81,Functional,2024-03-09,Internal,Critical,Manual Testing,803.54,2024,3,9
617,47,Functional,2024-03-23,Internal,Moderate,Automated Testing,21.17,2024,3,23
618,92,Functional,2024-02-29,Component,Minor,Manual Testing,678.59,2024,2,29
619,87,Functional,2024-02-18,Component,Moderate,Automated Testing,220.01,2024,2,18
620,51,Cosmetic,2024-02-03,Internal,Critical,Manual Testing,251.67,2024,2,3
621,61,Structural,2024-04-10,Surface,Critical,Manual Testing,808.85,2024,4,10
622,87,Structural,2024-01-06,Internal,Minor,Manual Testing,537.35,2024,1,6
623,8,Cosmetic,2024-04-06,Component,Moderate,Manual Testing,178.3,2024,4,6
624,56,Cosmetic,2024-01-09,Internal,Critical,Visual Inspection,638.8,2024,1,9
625,98,Functional,2024-06-24,Internal,Critical,Automated Testing,770.66,2024,6,24
626,7,Structural,2024-04-19,Component,Minor,Visual Inspection,289.27,2024,4,19
627,24,Structural,2024-05-15,Component,Minor,Automated Testing,779.02,2024,5,15
628,23,Structural,2024-01-04,Surface,Moderate,Automated Testing,704.06,2024,1,4
629,43,Functional,2024-04-16,Internal,Critical,Visual Inspection,546.42,2024,4,16
630,95,Functional,2024-06-23,Component,Moderate,Visual Inspection,780.89,2024,6,23
631,13,Cosmetic,2024-05-03,Surface,Minor,Manual Testing,303.08,2024,5,3
632,72,Structural,2024-05-04,Internal,Minor,Automated Testing,557.57,2024,5,4
633,28,Functional,2024-01-28,Component,Minor,Manual Testing,222.11,2024,1,28
634,94,Functional,2024-05-23,Internal,Minor,Visual Inspection,575.47,2024,5,23
635,60,Structural,2024-06-14,Component,Minor,Automated Testing,478.44,2024,6,14
636,17,Functional,2024-02-05,Surface,Moderate,Visual Inspection,32.62,2024,2,5
637,21,Functional,2024-05-29,Component,Critical,Automated Testing,121.29,2024,5,29
638,89,Cosmetic,2024-04-07,Component,Moderate,Automated Testing,967.29,2024,4,7
639,43,Cosmetic,2024-01-17,Surface,Moderate,Visual Inspection,200.29,2024,1,17
640,5,Cosmetic,2024-06-21,Internal,Minor,Automated Testing,185.0,2024,6,21
641,7,Functional,2024-01-30,Internal,Moderate,Manual Testing,959.61,2024,1,30
642,28,Structural,2024-01-26,Component,Critical,Visual Inspection,170.66,2024,1,26
643,27,Cosmetic,2024-06-17,Component,Minor,Visual Inspection,563.94,2024,6,17
644,58,Cosmetic,2024-06-08,Internal,Minor,Automated Testing,52.03,2024,6,8
645,33,Functional,2024-06-07,Component,Critical,Automated Testing,474.62,2024,6,7
646,20,Structural,2024-01-14,Surface,Moderate,Visual Inspection,263.76,2024,1,14
647,11,Cosmetic,2024-05-03,Component,Moderate,Automated Testing,758.91,2024,5,3
648,31,Cosmetic,2024-01-09,Component,Critical,Visual Inspection,59.04,2024,1,9
649,76,Cosmetic,2024-01-11,Internal,Moderate,Visual Inspection,647.01,2024,1,11
650,32,Cosmetic,2024-05-21,Internal,Moderate,Manual Testing,451.58,2024,5,21
651,34,Structural,2024-02-09,Internal,Minor,Manual Testing,221.25,2024,2,9
652,66,Cosmetic,2024-04-19,Component,Critical,Manual Testing,194.9,2024,4,19
653,62,Functional,2024-02-29,Surface,Minor,Automated Testing,433.75,2024,2,29
654,86,Cosmetic,2024-06-19,Surface,Critical,Automated Testing,264.85,2024,6,19
655,91,Cosmetic,2024-03-16,Surface,Moderate,Automated Testing,230.68,2024,3,16
656,63,Cosmetic,2024-06-21,Surface,Minor,Visual Inspection,836.11,2024,6,21
657,73,Structural,2024-03-27,Surface,Critical,Manual Testing,703.94,2024,3,27
658,94,Structural,2024-06-09,Surface,Moderate,Visual Inspection,814.84,2024,6,9
659,88,Structural,2024-01-19,Component,Minor,Visual Inspection,153.25,2024,1,19
660,12,Functional,2024-03-28,Internal,Minor,Visual Inspection,324.09,2024,3,28
661,48,Structural,2024-02-06,Component,Moderate,Visual Inspection,436.9,2024,2,6
662,35,Cosmetic,2024-06-17,Surface,Minor,Manual Testing,917.26,2024,6,17
663,25,Cosmetic,2024-01-13,Component,Critical,Automated Testing,45.26,2024,1,13
664,47,Functional,2024-01-26,Surface,Critical,Visual Inspection,416.2,2024,1,26
665,55,Functional,2024-05-16,Component,Minor,Manual Testing,246.83,2024,5,16
666,45,Structural,2024-01-03,Component,Critical,Visual Inspection,824.28,2024,1,3
667,12,Cosmetic,2024-06-02,Surface,Minor,Visual Inspection,680.74,2024,6,2
668,33,Structural,2024-02-26,Surface,Critical,Automated Testing,376.62,2024,2,26
669,3,Functional,2024-01-10,Surface,Moderate,Manual Testing,400.79,2024,1,10
670,15,Structural,2024-02-19,Component,Critical,Visual Inspection,496.72,2024,2,19
671,45,Structural,2024-04-21,Component,Moderate,Manual Testing,369.13,2024,4,21
672,16,Functional,2024-05-19,Internal,Moderate,Automated Testing,916.45,2024,5,19
673,63,Functional,2024-05-01,Internal,Minor,Visual Inspection,152.08,2024,5,1
674,63,Structural,2024-01-06,Surface,Moderate,Visual Inspection,373.52,2024,1,6
675,96,Cosmetic,2024-05-12,Surface,Critical,Visual Inspection,345.64,2024,5,12
676,4,Cosmetic,2024-04-06,Internal,Critical,Visual Inspection,33.95,2024,4,6
677,2,Structural,2024-01-04,Component,Critical,Visual Inspection,478.44,2024,1,4
678,19,Functional,2024-03-20,Component,Critical,Manual Testing,884.03,2024,3,20
679,61,Structural,2024-01-23,Internal,Critical,Visual Inspection,113.64,2024,1,23
680,5,Structural,2024-01-19,Component,Moderate,Visual Inspection,479.38,2024,1,19
681,8,Structural,2024-01-16,Internal,Critical,Visual Inspection,395.56,2024,1,16
682,6,Structural,2024-01-13,Component,Moderate,Manual Testing,290.66,2024,1,13
683,18,Cosmetic,2024-02-25,Component,Minor,Visual Inspection,309.32,2024,2,25
684,33,Structural,2024-03-16,Component,Moderate,Manual Testing,28.05,2024,3,16
685,40,Structural,2024-06-24,Surface,Critical,Visual Inspection,37.69,2024,6,24
686,35,Cosmetic,2024-01-23,Internal,Critical,Automated Testing,293.44,2024,1,23
687,99,Functional,2024-03-16,Component,Minor,Visual Inspection,249.02,2024,3,16
688,65,Structural,2024-02-18,Surface,Minor,Manual Testing,327.88,2024,2,18
689,56,Cosmetic,2024-03-09,Surface,Critical,Manual Testing,749.31,2024,3,9
690,96,Cosmetic,2024-05-26,Component,Minor,Automated Testing,19.23,2024,5,26
691,4,Functional,2024-05-31,Internal,Critical,Manual Testing,470.43,2024,5,31
692,67,Cosmetic,2024-02-18,Component,Critical,Automated Testing,135.49,2024,2,18
693,95,Structural,2024-06-26,Component,Minor,Manual Testing,531.4,2024,6,26
694,18,Cosmetic,2024-02-16,Surface,Critical,Manual Testing,205.83,2024,2,16
695,97,Cosmetic,2024-04-20,Component,Moderate,Visual Inspection,547.02,2024,4,20
696,84,Functional,2024-01-06,Component,Moderate,Visual Inspection,459.29,2024,1,6
697,51,Cosmetic,2024-04-02,Surface,Critical,Manual Testing,762.32,2024,4,2
698,34,Cosmetic,2024-03-29,Component,Moderate,Visual Inspection,684.85,2024,3,29
699,1,Cosmetic,2024-04-04,Component,Critical,Automated Testing,940.9,2024,4,4
700,41,Cosmetic,2024-02-13,Surface,Minor,Manual Testing,894.66,2024,2,13
701,67,Functional,2024-03-30,Component,Minor,Manual Testing,10.44,2024,3,30
702,43,Cosmetic,2024-04-20,Component,Minor,Visual Inspection,878.23,2024,4,20
703,34,Structural,2024-01-31,Internal,Minor,Automated Testing,164.64,2024,1,31
704,7,Structural,2024-02-02,Internal,Critical,Visual Inspection,132.46,2024,2,2
705,54,Functional,2024-02-03,Internal,Moderate,Automated Testing,789.51,2024,2,3
706,37,Functional,2024-05-24,Component,Moderate,Visual Inspection,969.4,2024,5,24
707,86,Functional,2024-03-14,Surface,Critical,Automated Testing,667.18,2024,3,14
708,22,Functional,2024-04-09,Component,Minor,Manual Testing,781.35,2024,4,9
709,79,Functional,2024-03-10,Component,Minor,Automated Testing,711.6,2024,3,10
710,4,Cosmetic,2024-06-26,Surface,Moderate,Visual Inspection,91.9,2024,6,26
711,36,Cosmetic,2024-05-28,Internal,Minor,Manual Testing,767.74,2024,5,28
712,74,Structural,2024-03-30,Surface,Minor,Visual Inspection,535.88,2024,3,30
713,36,Structural,2024-02-29,Internal,Critical,Automated Testing,390.43,2024,2,29
714,66,Cosmetic,2024-06-04,Component,Minor,Visual Inspection,932.34,2024,6,4
715,27,Functional,2024-04-21,Surface,Moderate,Manual Testing,763.5,2024,4,21
716,86,Structural,2024-04-05,Surface,Minor,Visual Inspection,438.58,2024,4,5
717,84,Cosmetic,2024-01-01,Internal,Minor,Manual Testing,147.94,2024,1,1
718,33,Cosmetic,2024-03-11,Internal,Minor,Automated Testing,967.35,2024,3,11
719,18,Cosmetic,2024-04-04,Internal,Minor,Manual Testing,909.42,2024,4,4
720,77,Functional,2024-02-02,Internal,Moderate,Manual Testing,617.24,2024,2,2
721,44,Cosmetic,2024-04-26,Component,Moderate,Manual Testing,552.0,2024,4,26
722,76,Structural,2024-03-10,Internal,Minor,Manual Testing,746.64,2024,3,10
723,25,Structural,2024-01-27,Internal,Critical,Visual Inspection,133.43,2024,1,27
724,58,Structural,2024-02-21,Surface,Moderate,Manual Testing,437.82,2024,2,21
725,15,Cosmetic,2024-03-27,Surface,Minor,Visual Inspection,713.29,2024,3,27
726,24,Cosmetic,2024-02-25,Surface,Critical,Automated Testing,321.04,2024,2,25
727,92,Functional,2024-01-12,Surface,Minor,Automated Testing,988.41,2024,1,12
728,5,Structural,2024-01-10,Component,Critical,Manual Testing,164.56,2024,1,10
729,74,Structural,2024-02-28,Component,Moderate,Manual Testing,357.07,2024,2,28
730,31,Structural,2024-03-19,Surface,Minor,Automated Testing,189.23,2024,3,19
731,37,Cosmetic,2024-05-30,Component,Moderate,Manual Testing,840.24,2024,5,30
732,44,Structural,2024-02-21,Internal,Minor,Automated Testing,630.5,2024,2,21
733,28,Functional,2024-02-06,Surface,Moderate,Manual Testing,584.54,2024,2,6
734,85,Functional,2024-02-16,Surface,Moderate,Automated Testing,995.47,2024,2,16
735,60,Structural,2024-02-12,Surface,Critical,Manual Testing,894.31,2024,2,12
736,63,Functional,2024-01-21,Component,Minor,Automated Testing,420.57,2024,1,21
737,46,Structural,2024-04-14,Component,Moderate,Visual Inspection,71.86,2024,4,14
738,81,Structural,2024-05-04,Internal,Minor,Manual Testing,895.96,2024,5,4
739,98,Cosmetic,2024-02-04,Component,Moderate,Manual Testing,491.28,2024,2,4
740,79,Functional,2024-04-23,Internal,Moderate,Manual Testing,63.99,2024,4,23
741,91,Cosmetic,2024-04-06,Internal,Minor,Visual Inspection,409.99,2024,4,6
742,51,Cosmetic,2024-01-06,Internal,Critical,Automated Testing,391.78,2024,1,6
743,27,Cosmetic,2024-01-24,Internal,Minor,Manual Testing,921.78,2024,1,24
744,30,Cosmetic,2024-06-10,Component,Minor,Manual Testing,789.34,2024,6,10
745,97,Cosmetic,2024-05-08,Internal,Moderate,Visual Inspection,862.7,2024,5,8
746,93,Structural,2024-02-09,Component,Minor,Manual Testing,395.02,2024,2,9
747,52,Cosmetic,2024-03-03,Surface,Minor,Visual Inspection,507.39,2024,3,3
748,41,Cosmetic,2024-02-14,Internal,Moderate,Manual Testing,990.02,2024,2,14
749,64,Functional,2024-06-17,Component,Minor,Visual Inspection,466.97,2024,6,17
750,9,Functional,2024-03-23,Surface,Moderate,Manual Testing,49.52,2024,3,23
751,42,Functional,2024-01-14,Component,Minor,Manual Testing,543.93,2024,1,14
752,81,Functional,2024-05-12,Surface,Moderate,Automated Testing,688.91,2024,5,12
753,83,Cosmetic,2024-01-08,Surface,Critical,Visual Inspection,140.96,2024,1,8
754,17,Structural,2024-01-13,Component,Minor,Manual Testing,624.69,2024,1,13
755,90,Cosmetic,2024-01-01,Component,Critical,Manual Testing,317.5,2024,1,1
756,77,Functional,2024-06-12,Component,Minor,Manual Testing,363.84,2024,6,12
757,40,Functional,2024-03-17,Surface,Moderate,Manual Testing,472.15,2024,3,17
758,12,Cosmetic,2024-01-22,Internal,Moderate,Automated Testing,765.19,2024,1,22
759,40,Cosmetic,2024-03-23,Surface,Moderate,Manual Testing,551.79,2024,3,23
760,31,Structural,2024-06-22,Surface,Critical,Manual Testing,950.2,2024,6,22
761,67,Functional,2024-01-05,Component,Critical,Automated Testing,749.01,2024,1,5
762,27,Cosmetic,2024-02-15,Internal,Critical,Manual Testing,917.24,2024,2,15
763,44,Cosmetic,2024-04-24,Component,Minor,Automated Testing,527.76,2024,4,24
764,40,Structural,2024-04-26,Internal,Minor,Visual Inspection,615.24,2024,4,26
765,70,Structural,2024-04-26,Component,Minor,Visual Inspection,610.26,2024,4,26
766,49,Cosmetic,2024-04-06,Component,Moderate,Visual Inspection,305.36,2024,4,6
767,81,Structural,2024-03-23,Component,Minor,Automated Testing,753.7,2024,3,23
768,48,Cosmetic,2024-01-09,Internal,Moderate,Visual Inspection,67.49,2024,1,9
769,83,Structural,2024-06-26,Component,Minor,Visual Inspection,655.26,2024,6,26
770,56,Structural,2024-04-24,Surface,Moderate,Visual Inspection,119.28,2024,4,24
771,97,Structural,2024-01-13,Internal,Critical,Manual Testing,617.35,2024,1,13
772,1,Cosmetic,2024-06-11,Surface,Critical,Manual Testing,514.52,2024,6,11
773,57,Functional,2024-03-30,Component,Minor,Automated Testing,552.3,2024,3,30
774,35,Structural,2024-03-17,Surface,Critical,Manual Testing,957.27,2024,3,17
775,22,Cosmetic,2024-05-16,Surface,Minor,Visual Inspection,379.78,2024,5,16
776,37,Structural,2024-05-02,Surface,Minor,Automated Testing,20.93,2024,5,2
777,59,Functional,2024-05-31,Component,Moderate,Visual Inspection,698.16,2024,5,31
778,31,Functional,2024-01-16,Component,Critical,Manual Testing,270.7,2024,1,16
779,71,Structural,2024-03-24,Internal,Critical,Manual Testing,733.76,2024,3,24
780,81,Functional,2024-02-05,Surface,Minor,Manual Testing,918.81,2024,2,5
781,10,Cosmetic,2024-05-30,Component,Minor,Manual Testing,830.39,2024,5,30
782,92,Functional,2024-04-04,Internal,Moderate,Visual Inspection,429.08,2024,4,4
783,73,Cosmetic,2024-04-09,Internal,Moderate,Automated Testing,800.91,2024,4,9
784,2,Functional,2024-03-30,Surface,Moderate,Automated Testing,36.5,2024,3,30
785,63,Cosmetic,2024-04-07,Surface,Moderate,Visual Inspection,861.84,2024,4,7
786,54,Cosmetic,2024-06-24,Surface,Minor,Automated Testing,947.21,2024,6,24
787,36,Functional,2024-01-23,Surface,Minor,Manual Testing,37.44,2024,1,23
788,41,Structural,2024-01-25,Component,Critical,Automated Testing,571.65,2024,1,25
789,54,Structural,2024-01-21,Surface,Minor,Automated Testing,331.32,2024,1,21
790,3,Structural,2024-03-10,Internal,Critical,Manual Testing,212.4,2024,3,10
791,94,Functional,2024-04-15,Surface,Minor,Automated Testing,451.46,2024,4,15
792,99,Functional,2024-03-05,Internal,Minor,Manual Testing,948.05,2024,3,5
793,79,Functional,2024-05-07,Component,Moderate,Visual Inspection,111.39,2024,5,7
794,81,Structural,2024-03-21,Internal,Critical,Automated Testing,281.41,2024,3,21
795,83,Structural,2024-03-08,Internal,Minor,Automated Testing,866.14,2024,3,8
796,83,Structural,2024-05-08,Component,Minor,Visual Inspection,545.23,2024,5,8
797,62,Cosmetic,2024-06-09,Surface,Moderate,Visual Inspection,545.72,2024,6,9
798,77,Functional,2024-05-10,Component,Critical,Visual Inspection,395.56,2024,5,10
799,87,Structural,2024-06-08,Component,Moderate,Manual Testing,914.5,2024,6,8
800,38,Cosmetic,2024-05-30,Internal,Minor,Automated Testing,339.94,2024,5,30
801,77,Cosmetic,2024-03-18,Surface,Moderate,Visual Inspection,206.92,2024,3,18
802,98,Functional,2024-03-17,Component,Moderate,Visual Inspection,336.29,2024,3,17
803,93,Structural,2024-01-08,Internal,Critical,Visual Inspection,911.03,2024,1,8
804,13,Structural,2024-01-06,Surface,Minor,Visual Inspection,720.18,2024,1,6
805,23,Functional,2024-04-17,Surface,Moderate,Manual Testing,602.51,2024,4,17
806,22,Functional,2024-04-08,Internal,Critical,Manual Testing,996.6,2024,4,8
807,99,Cosmetic,2024-01-28,Surface,Minor,Automated Testing,373.64,2024,1,28
808,99,Cosmetic,2024-03-30,Component,Minor,Visual Inspection,792.57,2024,3,30
809,8,Structural,2024-03-19,Surface,Minor,Visual Inspection,956.44,2024,3,19
810,77,Functional,2024-06-30,Component,Critical,Manual Testing,916.1,2024,6,30
811,7,Functional,2024-05-15,Surface,Moderate,Visual Inspection,93.31,2024,5,15
812,76,Structural,2024-03-18,Internal,Critical,Automated Testing,576.28,2024,3,18
813,93,Functional,2024-05-06,Surface,Minor,Visual Inspection,89.52,2024,5,6
814,79,Structural,2024-01-06,Component,Minor,Manual Testing,381.12,2024,1,6
815,65,Structural,2024-06-21,Surface,Moderate,Visual Inspection,686.02,2024,6,21
816,43,Functional,2024-03-17,Surface,Minor,Manual Testing,585.81,2024,3,17
817,96,Structural,2024-03-31,Internal,Critical,Automated Testing,28.26,2024,3,31
818,82,Functional,2024-03-06,Component,Critical,Visual Inspection,858.99,2024,3,6
819,63,Cosmetic,2024-02-28,Surface,Critical,Automated Testing,373.68,2024,2,28
820,61,Functional,2024-02-19,Component,Critical,Manual Testing,937.41,2024,2,19
821,65,Cosmetic,2024-02-11,Surface,Moderate,Visual Inspection,960.72,2024,2,11
822,41,Functional,2024-02-25,Component,Moderate,Manual Testing,988.9,2024,2,25
823,88,Cosmetic,2024-01-29,Internal,Minor,Automated Testing,890.34,2024,1,29
824,45,Structural,2024-02-13,Component,Minor,Automated Testing,838.89,2024,2,13
825,26,Functional,2024-01-26,Component,Moderate,Automated Testing,90.18,2024,1,26
826,8,Cosmetic,2024-01-26,Component,Minor,Manual Testing,693.38,2024,1,26
827,96,Cosmetic,2024-01-19,Component,Minor,Manual Testing,904.55,2024,1,19
828,25,Functional,2024-05-12,Surface,Critical,Manual Testing,446.66,2024,5,12
829,90,Cosmetic,2024-02-12,Internal,Critical,Automated Testing,561.22,2024,2,12
830,62,Cosmetic,2024-04-12,Surface,Moderate,Visual Inspection,227.29,2024,4,12
831,57,Structural,2024-04-24,Internal,Critical,Manual Testing,129.15,2024,4,24
832,37,Cosmetic,2024-06-02,Surface,Critical,Automated Testing,105.91,2024,6,2
833,90,Cosmetic,2024-02-15,Component,Minor,Visual Inspection,833.94,2024,2,15
834,4,Structural,2024-04-09,Internal,Moderate,Automated Testing,10.55,2024,4,9
835,69,Functional,2024-01-02,Surface,Critical,Automated Testing,744.8,2024,1,2
836,95,Structural,2024-05-08,Surface,Critical,Automated Testing,114.02,2024,5,8
837,30,Functional,2024-03-10,Surface,Minor,Manual Testing,113.95,2024,3,10
838,76,Structural,2024-06-14,Surface,Critical,Automated Testing,390.19,2024,6,14
839,26,Cosmetic,2024-05-11,Surface,Critical,Automated Testing,418.17,2024,5,11
840,95,Structural,2024-02-16,Surface,Moderate,Automated Testing,536.08,2024,2,16
841,49,Structural,2024-01-25,Component,Minor,Manual Testing,857.55,2024,1,25
842,32,Functional,2024-01-13,Surface,Minor,Automated Testing,800.23,2024,1,13
843,97,Functional,2024-04-30,Surface,Moderate,Visual Inspection,526.93,2024,4,30
844,83,Structural,2024-02-18,Component,Critical,Automated Testing,97.57,2024,2,18
845,50,Cosmetic,2024-02-27,Component,Moderate,Automated Testing,438.29,2024,2,27
846,48,Structural,2024-06-25,Internal,Minor,Manual Testing,937.74,2024,6,25
847,33,Functional,2024-06-22,Component,Moderate,Visual Inspection,261.19,2024,6,22
848,28,Functional,2024-05-01,Component,Critical,Visual Inspection,155.84,2024,5,1
849,100,Cosmetic,2024-06-01,Component,Critical,Visual Inspection,761.38,2024,6,1
850,10,Structural,2024-06-24,Component,Moderate,Automated Testing,693.41,2024,6,24
851,95,Functional,2024-03-20,Component,Moderate,Automated Testing,319.06,2024,3,20
852,7,Functional,2024-03-02,Internal,Moderate,Visual Inspection,451.5,2024,3,2
853,12,Structural,2024-05-05,Surface,Moderate,Automated Testing,497.38,2024,5,5
854,14,Functional,2024-06-30,Surface,Minor,Visual Inspection,556.73,2024,6,30
855,31,Cosmetic,2024-02-07,Component,Critical,Visual Inspection,414.41,2024,2,7
856,20,Structural,2024-02-01,Surface,Critical,Manual Testing,450.18,2024,2,1
857,49,Functional,2024-04-10,Component,Moderate,Automated Testing,992.76,2024,4,10
858,51,Structural,2024-05-12,Surface,Minor,Visual Inspection,797.39,2024,5,12
859,25,Cosmetic,2024-03-25,Internal,Minor,Manual Testing,651.04,2024,3,25
860,10,Structural,2024-06-24,Component,Moderate,Visual Inspection,862.64,2024,6,24
861,51,Structural,2024-01-11,Surface,Critical,Automated Testing,915.73,2024,1,11
862,63,Structural,2024-02-16,Component,Critical,Visual Inspection,445.47,2024,2,16
863,46,Functional,2024-03-16,Surface,Critical,Automated Testing,789.92,2024,3,16
864,95,Cosmetic,2024-01-03,Component,Critical,Manual Testing,951.99,2024,1,3
865,97,Structural,2024-06-14,Surface,Critical,Visual Inspection,345.34,2024,6,14
866,99,Cosmetic,2024-02-22,Surface,Minor,Visual Inspection,119.16,2024,2,22
867,9,Cosmetic,2024-03-16,Surface,Minor,Automated Testing,649.87,2024,3,16
868,38,Cosmetic,2024-05-10,Surface,Critical,Manual Testing,141.43,2024,5,10
869,55,Functional,2024-06-08,Surface,Critical,Manual Testing,753.6,2024,6,8
870,39,Structural,2024-05-04,Internal,Critical,Visual Inspection,210.03,2024,5,4
871,59,Structural,2024-06-13,Surface,Critical,Manual Testing,992.01,2024,6,13
872,1,Functional,2024-05-20,Internal,Minor,Automated Testing,148.15,2024,5,20
873,5,Functional,2024-01-05,Surface,Critical,Visual Inspection,577.39,2024,1,5
874,1,Cosmetic,2024-04-19,Surface,Critical,Visual Inspection,98.45,2024,4,19
875,81,Structural,2024-04-18,Component,Moderate,Manual Testing,734.65,2024,4,18
876,31,Cosmetic,2024-03-31,Surface,Critical,Manual Testing,485.93,2024,3,31
877,67,Structural,2024-02-04,Component,Minor,Automated Testing,505.47,2024,2,4
878,13,Functional,2024-05-20,Internal,Critical,Automated Testing,769.34,2024,5,20
879,37,Structural,2024-03-11,Internal,Moderate,Manual Testing,939.94,2024,3,11
880,91,Cosmetic,2024-04-19,Surface,Minor,Visual Inspection,18.7,2024,4,19
881,26,Functional,2024-01-21,Internal,Minor,Automated Testing,892.85,2024,1,21
882,39,Functional,2024-05-21,Component,Moderate,Automated Testing,85.21,2024,5,21
883,35,Functional,2024-06-06,Component,Minor,Visual Inspection,20.83,2024,6,6
884,4,Cosmetic,2024-04-01,Internal,Minor,Manual Testing,800.02,2024,4,1
885,28,Cosmetic,2024-06-07,Surface,Critical,Visual Inspection,525.36,2024,6,7
886,4,Structural,2024-04-29,Surface,Minor,Visual Inspection,164.46,2024,4,29
887,95,Structural,2024-05-29,Component,Moderate,Manual Testing,452.93,2024,5,29
888,17,Cosmetic,2024-04-16,Component,Critical,Automated Testing,729.83,2024,4,16
889,52,Functional,2024-05-05,Component,Moderate,Automated Testing,138.24,2024,5,5
890,49,Structural,2024-06-05,Internal,Minor,Automated Testing,901.01,2024,6,5
891,90,Functional,2024-06-17,Internal,Minor,Manual Testing,780.69,2024,6,17
892,4,Structural,2024-05-12,Internal,Critical,Automated Testing,280.56,2024,5,12
893,64,Structural,2024-04-07,Surface,Minor,Manual Testing,437.25,2024,4,7
894,73,Structural,2024-05-19,Surface,Minor,Manual Testing,902.78,2024,5,19
895,64,Structural,2024-01-09,Internal,Minor,Visual Inspection,687.38,2024,1,9
896,64,Structural,2024-03-29,Internal,Minor,Manual Testing,436.79,2024,3,29
897,56,Functional,2024-05-15,Internal,Minor,Manual Testing,991.95,2024,5,15
898,58,Structural,2024-05-16,Surface,Moderate,Manual Testing,247.97,2024,5,16
899,65,Cosmetic,2024-03-16,Component,Critical,Manual Testing,895.77,2024,3,16
900,84,Functional,2024-02-16,Surface,Critical,Manual Testing,628.29,2024,2,16
901,27,Cosmetic,2024-03-20,Internal,Critical,Manual Testing,40.8,2024,3,20
902,60,Structural,2024-03-12,Component,Minor,Manual Testing,709.87,2024,3,12
903,88,Functional,2024-05-24,Surface,Minor,Automated Testing,450.31,2024,5,24
904,4,Cosmetic,2024-04-08,Surface,Moderate,Visual Inspection,577.2,2024,4,8
905,100,Functional,2024-02-07,Surface,Minor,Manual Testing,431.46,2024,2,7
906,6,Structural,2024-01-25,Surface,Critical,Visual Inspection,62.68,2024,1,25
907,4,Structural,2024-02-16,Component,Minor,Visual Inspection,988.05,2024,2,16
908,31,Functional,2024-04-24,Component,Moderate,Manual Testing,156.46,2024,4,24
909,6,Functional,2024-03-08,Component,Critical,Visual Inspection,32.9,2024,3,8
910,43,Functional,2024-02-29,Surface,Moderate,Manual Testing,443.75,2024,2,29
911,82,Functional,2024-06-07,Component,Minor,Visual Inspection,62.7,2024,6,7
912,46,Functional,2024-04-28,Component,Moderate,Visual Inspection,278.6,2024,4,28
913,77,Functional,2024-06-26,Surface,Moderate,Automated Testing,213.48,2024,6,26
914,89,Functional,2024-06-15,Internal,Critical,Automated Testing,90.11,2024,6,15
915,66,Cosmetic,2024-03-05,Surface,Moderate,Visual Inspection,108.7,2024,3,5
916,7,Structural,2024-02-21,Surface,Moderate,Visual Inspection,75.06,2024,2,21
917,66,Cosmetic,2024-01-04,Component,Critical,Automated Testing,511.65,2024,1,4
918,24,Functional,2024-06-01,Component,Moderate,Visual Inspection,535.87,2024,6,1
919,35,Cosmetic,2024-03-01,Internal,Minor,Visual Inspection,585.78,2024,3,1
920,47,Functional,2024-01-03,Surface,Moderate,Visual Inspection,873.58,2024,1,3
921,91,Cosmetic,2024-03-09,Internal,Moderate,Automated Testing,73.46,2024,3,9
922,90,Cosmetic,2024-03-17,Component,Minor,Visual Inspection,793.46,2024,3,17
923,36,Structural,2024-03-29,Surface,Minor,Visual Inspection,893.77,2024,3,29
924,2,Cosmetic,2024-06-16,Component,Minor,Manual Testing,409.43,2024,6,16
925,11,Functional,2024-05-03,Internal,Minor,Automated Testing,351.86,2024,5,3
926,16,Functional,2024-01-12,Internal,Moderate,Automated Testing,933.37,2024,1,12
927,44,Cosmetic,2024-03-19,Surface,Moderate,Visual Inspection,333.92,2024,3,19
928,80,Structural,2024-04-27,Internal,Moderate,Manual Testing,904.57,2024,4,27
929,5,Functional,2024-04-27,Surface,Critical,Visual Inspection,225.51,2024,4,27
930,52,Functional,2024-05-14,Component,Critical,Automated Testing,664.52,2024,5,14
931,81,Structural,2024-02-04,Internal,Critical,Automated Testing,486.49,2024,2,4
932,80,Functional,2024-05-14,Internal,Moderate,Visual Inspection,127.23,2024,5,14
933,15,Cosmetic,2024-05-16,Internal,Minor,Visual Inspection,121.96,2024,5,16
934,62,Cosmetic,2024-05-06,Surface,Minor,Manual Testing,267.64,2024,5,6
935,46,Structural,2024-01-19,Surface,Critical,Automated Testing,298.03,2024,1,19
936,7,Cosmetic,2024-02-03,Component,Moderate,Automated Testing,604.72,2024,2,3
937,94,Structural,2024-04-18,Internal,Critical,Manual Testing,749.05,2024,4,18
938,38,Structural,2024-04-08,Surface,Minor,Manual Testing,499.34,2024,4,8
939,92,Cosmetic,2024-02-16,Internal,Moderate,Visual Inspection,590.85,2024,2,16
940,29,Functional,2024-04-01,Internal,Minor,Manual Testing,355.6,2024,4,1
941,46,Structural,2024-01-27,Component,Minor,Visual Inspection,266.97,2024,1,27
942,46,Structural,2024-05-29,Surface,Critical,Visual Inspection,160.08,2024,5,29
943,79,Cosmetic,2024-04-17,Internal,Moderate,Manual Testing,827.64,2024,4,17
944,72,Functional,2024-03-11,Surface,Minor,Manual Testing,19.83,2024,3,11
945,10,Cosmetic,2024-05-24,Surface,Minor,Visual Inspection,989.49,2024,5,24
946,87,Cosmetic,2024-03-03,Internal,Minor,Manual Testing,133.9,2024,3,3
947,6,Cosmetic,2024-03-03,Internal,Moderate,Visual Inspection,739.33,2024,3,3
948,70,Structural,2024-02-16,Component,Moderate,Automated Testing,947.83,2024,2,16
949,60,Structural,2024-04-11,Surface,Critical,Automated Testing,743.44,2024,4,11
950,23,Structural,2024-02-23,Surface,Critical,Automated Testing,534.79,2024,2,23
951,2,Functional,2024-06-08,Internal,Moderate,Visual Inspection,479.56,2024,6,8
952,23,Structural,2024-02-26,Surface,Critical,Visual Inspection,87.89,2024,2,26
953,81,Functional,2024-03-27,Surface,Minor,Manual Testing,571.61,2024,3,27
954,46,Structural,2024-06-17,Surface,Moderate,Visual Inspection,485.1,2024,6,17
955,85,Functional,2024-02-28,Internal,Minor,Manual Testing,289.68,2024,2,28
956,43,Functional,2024-03-01,Surface,Critical,Manual Testing,962.48,2024,3,1
957,13,Structural,2024-05-27,Internal,Minor,Automated Testing,13.19,2024,5,27
958,25,Structural,2024-04-03,Component,Critical,Visual Inspection,298.81,2024,4,3
959,53,Cosmetic,2024-04-27,Component,Critical,Automated Testing,916.49,2024,4,27
960,59,Cosmetic,2024-03-19,Internal,Critical,Automated Testing,15.96,2024,3,19
961,3,Structural,2024-03-29,Component,Moderate,Visual Inspection,383.65,2024,3,29
962,78,Cosmetic,2024-01-30,Component,Critical,Manual Testing,612.25,2024,1,30
963,51,Cosmetic,2024-05-26,Component,Minor,Automated Testing,142.0,2024,5,26
964,45,Functional,2024-02-13,Component,Critical,Manual Testing,685.35,2024,2,13
965,45,Functional,2024-06-22,Internal,Critical,Visual Inspection,358.46,2024,6,22
966,54,Functional,2024-03-29,Internal,Moderate,Visual Inspection,310.35,2024,3,29
967,81,Functional,2024-03-13,Internal,Moderate,Manual Testing,610.75,2024,3,13
968,92,Structural,2024-03-03,Internal,Moderate,Visual Inspection,523.61,2024,3,3
969,6,Structural,2024-03-15,Surface,Minor,Manual Testing,945.17,2024,3,15
970,33,Structural,2024-01-28,Internal,Minor,Visual Inspection,708.97,2024,1,28
971,50,Cosmetic,2024-04-07,Component,Minor,Automated Testing,309.87,2024,4,7
972,97,Cosmetic,2024-01-04,Surface,Critical,Manual Testing,565.48,2024,1,4
973,14,Structural,2024-06-14,Surface,Critical,Automated Testing,859.52,2024,6,14
974,39,Cosmetic,2024-01-21,Internal,Critical,Manual Testing,140.02,2024,1,21
975,3,Functional,2024-01-01,Component,Moderate,Automated Testing,626.35,2024,1,1
976,79,Cosmetic,2024-05-18,Component,Moderate,Visual Inspection,807.32,2024,5,18
977,96,Structural,2024-06-08,Internal,Critical,Automated Testing,888.55,2024,6,8
978,57,Functional,2024-01-29,Component,Moderate,Automated Testing,440.85,2024,1,29
979,1,Functional,2024-01-11,Internal,Critical,Manual Testing,652.97,2024,1,11
980,39,Functional,2024-02-29,Internal,Moderate,Visual Inspection,725.44,2024,2,29
981,75,Cosmetic,2024-01-16,Internal,Minor,Manual Testing,843.66,2024,1,16
982,9,Cosmetic,2024-03-15,Component,Moderate,Visual Inspection,611.8,2024,3,15
983,76,Functional,2024-05-16,Surface,Moderate,Automated Testing,712.12,2024,5,16
984,43,Functional,2024-06-22,Internal,Critical,Manual Testing,941.33,2024,6,22
985,99,Functional,2024-02-02,Internal,Critical,Automated Testing,112.15,2024,2,2
986,47,Structural,2024-02-08,Internal,Moderate,Automated Testing,284.7,2024,2,8
987,26,Cosmetic,2024-05-22,Internal,Minor,Visual Inspection,694.09,2024,5,22
988,50,Cosmetic,2024-02-05,Surface,Moderate,Automated Testing,102.98,2024,2,5
989,11,Cosmetic,2024-01-01,Component,Critical,Visual Inspection,398.32,2024,1,1
990,45,Cosmetic,2024-06-11,Component,Critical,Manual Testing,576.07,2024,6,11
991,10,Cosmetic,2024-06-08,Internal,Minor,Visual Inspection,51.79,2024,6,8
992,7,Cosmetic,2024-01-25,Internal,Critical,Visual Inspection,426.31,2024,1,25
993,83,Functional,2024-03-14,Internal,Critical,Manual Testing,808.65,2024,3,14
994,77,Cosmetic,2024-02-11,Component,Minor,Visual Inspection,970.37,2024,2,11
995,41,Cosmetic,2024-01-28,Internal,Moderate,Automated Testing,67.54,2024,1,28
996,25,Structural,2024-03-01,Component,Minor,Automated Testing,813.14,2024,3,1
997,23,Functional,2024-03-21,Component,Moderate,Automated Testing,944.07,2024,3,21
998,17,Structural,2024-01-16,Component,Minor,Automated Testing,401.12,2024,1,16
999,96,Cosmetic,2024-06-21,Internal,Moderate,Manual Testing,775.63,2024,6,21
1000,1,Cosmetic,2024-03-23,Component,Minor,Visual Inspection,963.4,2024,3,23
